21:13:16.764 [main] WARN  o.s.w.c.s.GenericWebApplicationContext - Exception encountered during context initialization - cancelling refresh attempt: org.springframework.beans.factory.UnsatisfiedDependencyException: Error creating bean with name 'springSecurity': Unsatisfied dependency expressed through field 'userDetailsService'; nested exception is org.springframework.beans.factory.UnsatisfiedDependencyException: Error creating bean with name 'userDetailsServiceImpl': Unsatisfied dependency expressed through field 'userRepository'; nested exception is org.springframework.beans.factory.BeanCreationException: Error creating bean with name 'userRepository' defined in com.example.demo.repository.UserRepository defined in @EnableMongoRepositories declared on MongoRepositoriesRegistrar.EnableMongoRepositoriesConfiguration: Cannot resolve reference to bean 'mongoTemplate' while setting bean property 'mongoOperations'; nested exception is org.springframework.beans.factory.BeanCreationException: Error creating bean with name 'mongoTemplate' defined in class path resource [org/springframework/boot/autoconfigure/data/mongo/MongoDatabaseFactoryDependentConfiguration.class]: Bean instantiation via factory method failed; nested exception is org.springframework.beans.BeanInstantiationException: Failed to instantiate [org.springframework.data.mongodb.core.MongoTemplate]: Factory method 'mongoTemplate' threw exception; nested exception is org.springframework.dao.DataAccessResourceFailureException: Timed out after 30000 ms while waiting for a server that matches com.mongodb.client.internal.MongoClientDelegate$1@1f949ab9. Client view of cluster state is {type=REPLICA_SET, servers=[{address=ac-vellxrk-shard-00-01.aeg89es.mongodb.net:27017, type=UNKNOWN, state=CONNECTING, exception={com.mongodb.MongoSocketWriteException: Exception sending message}, caused by {javax.net.ssl.SSLException: Received fatal alert: internal_error}}, {address=ac-vellxrk-shard-00-02.aeg89es.mongodb.net:27017, type=UNKNOWN, state=CONNECTING, exception={com.mongodb.MongoSocketWriteException: Exception sending message}, caused by {javax.net.ssl.SSLException: Received fatal alert: internal_error}}, {address=ac-vellxrk-shard-00-00.aeg89es.mongodb.net:27017, type=UNKNOWN, state=CONNECTING, exception={com.mongodb.MongoSocketWriteException: Exception sending message}, caused by {javax.net.ssl.SSLException: Received fatal alert: internal_error}}]; nested exception is com.mongodb.MongoTimeoutException: Timed out after 30000 ms while waiting for a server that matches com.mongodb.client.internal.MongoClientDelegate$1@1f949ab9. Client view of cluster state is {type=REPLICA_SET, servers=[{address=ac-vellxrk-shard-00-01.aeg89es.mongodb.net:27017, type=UNKNOWN, state=CONNECTING, exception={com.mongodb.MongoSocketWriteException: Exception sending message}, caused by {javax.net.ssl.SSLException: Received fatal alert: internal_error}}, {address=ac-vellxrk-shard-00-02.aeg89es.mongodb.net:27017, type=UNKNOWN, state=CONNECTING, exception={com.mongodb.MongoSocketWriteException: Exception sending message}, caused by {javax.net.ssl.SSLException: Received fatal alert: internal_error}}, {address=ac-vellxrk-shard-00-00.aeg89es.mongodb.net:27017, type=UNKNOWN, state=CONNECTING, exception={com.mongodb.MongoSocketWriteException: Exception sending message}, caused by {javax.net.ssl.SSLException: Received fatal alert: internal_error}}]
21:13:16.782 [main] INFO  o.s.b.a.l.ConditionEvaluationReportLoggingListener - 

Error starting ApplicationContext. To display the conditions report re-run your application with 'debug' enabled.
21:13:16.788 [main] ERROR o.s.boot.SpringApplication - Application run failed
org.springframework.beans.factory.UnsatisfiedDependencyException: Error creating bean with name 'springSecurity': Unsatisfied dependency expressed through field 'userDetailsService'; nested exception is org.springframework.beans.factory.UnsatisfiedDependencyException: Error creating bean with name 'userDetailsServiceImpl': Unsatisfied dependency expressed through field 'userRepository'; nested exception is org.springframework.beans.factory.BeanCreationException: Error creating bean with name 'userRepository' defined in com.example.demo.repository.UserRepository defined in @EnableMongoRepositories declared on MongoRepositoriesRegistrar.EnableMongoRepositoriesConfiguration: Cannot resolve reference to bean 'mongoTemplate' while setting bean property 'mongoOperations'; nested exception is org.springframework.beans.factory.BeanCreationException: Error creating bean with name 'mongoTemplate' defined in class path resource [org/springframework/boot/autoconfigure/data/mongo/MongoDatabaseFactoryDependentConfiguration.class]: Bean instantiation via factory method failed; nested exception is org.springframework.beans.BeanInstantiationException: Failed to instantiate [org.springframework.data.mongodb.core.MongoTemplate]: Factory method 'mongoTemplate' threw exception; nested exception is org.springframework.dao.DataAccessResourceFailureException: Timed out after 30000 ms while waiting for a server that matches com.mongodb.client.internal.MongoClientDelegate$1@1f949ab9. Client view of cluster state is {type=REPLICA_SET, servers=[{address=ac-vellxrk-shard-00-01.aeg89es.mongodb.net:27017, type=UNKNOWN, state=CONNECTING, exception={com.mongodb.MongoSocketWriteException: Exception sending message}, caused by {javax.net.ssl.SSLException: Received fatal alert: internal_error}}, {address=ac-vellxrk-shard-00-02.aeg89es.mongodb.net:27017, type=UNKNOWN, state=CONNECTING, exception={com.mongodb.MongoSocketWriteException: Exception sending message}, caused by {javax.net.ssl.SSLException: Received fatal alert: internal_error}}, {address=ac-vellxrk-shard-00-00.aeg89es.mongodb.net:27017, type=UNKNOWN, state=CONNECTING, exception={com.mongodb.MongoSocketWriteException: Exception sending message}, caused by {javax.net.ssl.SSLException: Received fatal alert: internal_error}}]; nested exception is com.mongodb.MongoTimeoutException: Timed out after 30000 ms while waiting for a server that matches com.mongodb.client.internal.MongoClientDelegate$1@1f949ab9. Client view of cluster state is {type=REPLICA_SET, servers=[{address=ac-vellxrk-shard-00-01.aeg89es.mongodb.net:27017, type=UNKNOWN, state=CONNECTING, exception={com.mongodb.MongoSocketWriteException: Exception sending message}, caused by {javax.net.ssl.SSLException: Received fatal alert: internal_error}}, {address=ac-vellxrk-shard-00-02.aeg89es.mongodb.net:27017, type=UNKNOWN, state=CONNECTING, exception={com.mongodb.MongoSocketWriteException: Exception sending message}, caused by {javax.net.ssl.SSLException: Received fatal alert: internal_error}}, {address=ac-vellxrk-shard-00-00.aeg89es.mongodb.net:27017, type=UNKNOWN, state=CONNECTING, exception={com.mongodb.MongoSocketWriteException: Exception sending message}, caused by {javax.net.ssl.SSLException: Received fatal alert: internal_error}}]
	at org.springframework.beans.factory.annotation.AutowiredAnnotationBeanPostProcessor$AutowiredFieldElement.resolveFieldValue(AutowiredAnnotationBeanPostProcessor.java:713)
	at org.springframework.beans.factory.annotation.AutowiredAnnotationBeanPostProcessor$AutowiredFieldElement.inject(AutowiredAnnotationBeanPostProcessor.java:693)
	at org.springframework.beans.factory.annotation.InjectionMetadata.inject(InjectionMetadata.java:119)
	at org.springframework.beans.factory.annotation.AutowiredAnnotationBeanPostProcessor.postProcessProperties(AutowiredAnnotationBeanPostProcessor.java:408)
	at org.springframework.beans.factory.support.AbstractAutowireCapableBeanFactory.populateBean(AbstractAutowireCapableBeanFactory.java:1431)
	at org.springframework.beans.factory.support.AbstractAutowireCapableBeanFactory.doCreateBean(AbstractAutowireCapableBeanFactory.java:619)
	at org.springframework.beans.factory.support.AbstractAutowireCapableBeanFactory.createBean(AbstractAutowireCapableBeanFactory.java:542)
	at org.springframework.beans.factory.support.AbstractBeanFactory.lambda$doGetBean$0(AbstractBeanFactory.java:335)
	at org.springframework.beans.factory.support.DefaultSingletonBeanRegistry.getSingleton(DefaultSingletonBeanRegistry.java:234)
	at org.springframework.beans.factory.support.AbstractBeanFactory.doGetBean(AbstractBeanFactory.java:333)
	at org.springframework.beans.factory.support.AbstractBeanFactory.getBean(AbstractBeanFactory.java:208)
	at org.springframework.beans.factory.support.DefaultListableBeanFactory.preInstantiateSingletons(DefaultListableBeanFactory.java:955)
	at org.springframework.context.support.AbstractApplicationContext.finishBeanFactoryInitialization(AbstractApplicationContext.java:921)
	at org.springframework.context.support.AbstractApplicationContext.refresh(AbstractApplicationContext.java:583)
	at org.springframework.boot.SpringApplication.refresh(SpringApplication.java:731)
	at org.springframework.boot.SpringApplication.refreshContext(SpringApplication.java:408)
	at org.springframework.boot.SpringApplication.run(SpringApplication.java:307)
	at org.springframework.boot.test.context.SpringBootContextLoader.loadContext(SpringBootContextLoader.java:136)
	at org.springframework.test.context.cache.DefaultCacheAwareContextLoaderDelegate.loadContextInternal(DefaultCacheAwareContextLoaderDelegate.java:141)
	at org.springframework.test.context.cache.DefaultCacheAwareContextLoaderDelegate.loadContext(DefaultCacheAwareContextLoaderDelegate.java:90)
	at org.springframework.test.context.support.DefaultTestContext.getApplicationContext(DefaultTestContext.java:124)
	at org.springframework.test.context.web.ServletTestExecutionListener.setUpRequestContextIfNecessary(ServletTestExecutionListener.java:190)
	at org.springframework.test.context.web.ServletTestExecutionListener.prepareTestInstance(ServletTestExecutionListener.java:132)
	at org.springframework.test.context.TestContextManager.prepareTestInstance(TestContextManager.java:248)
	at org.springframework.test.context.junit.jupiter.SpringExtension.postProcessTestInstance(SpringExtension.java:138)
	at org.junit.jupiter.engine.descriptor.ClassBasedTestDescriptor.lambda$invokeTestInstancePostProcessors$8(ClassBasedTestDescriptor.java:363)
	at org.junit.jupiter.engine.descriptor.ClassBasedTestDescriptor.executeAndMaskThrowable(ClassBasedTestDescriptor.java:368)
	at org.junit.jupiter.engine.descriptor.ClassBasedTestDescriptor.lambda$invokeTestInstancePostProcessors$9(ClassBasedTestDescriptor.java:363)
	at java.base/java.util.stream.ReferencePipeline$3$1.accept(ReferencePipeline.java:195)
	at java.base/java.util.stream.ReferencePipeline$2$1.accept(ReferencePipeline.java:177)
	at java.base/java.util.ArrayList$ArrayListSpliterator.forEachRemaining(ArrayList.java:1655)
	at java.base/java.util.stream.AbstractPipeline.copyInto(AbstractPipeline.java:484)
	at java.base/java.util.stream.AbstractPipeline.wrapAndCopyInto(AbstractPipeline.java:474)
	at java.base/java.util.stream.StreamSpliterators$WrappingSpliterator.forEachRemaining(StreamSpliterators.java:312)
	at java.base/java.util.stream.Streams$ConcatSpliterator.forEachRemaining(Streams.java:735)
	at java.base/java.util.stream.Streams$ConcatSpliterator.forEachRemaining(Streams.java:734)
	at java.base/java.util.stream.Streams$ConcatSpliterator.forEachRemaining(Streams.java:734)
	at java.base/java.util.stream.ReferencePipeline$Head.forEach(ReferencePipeline.java:658)
	at org.junit.jupiter.engine.descriptor.ClassBasedTestDescriptor.invokeTestInstancePostProcessors(ClassBasedTestDescriptor.java:362)
	at org.junit.jupiter.engine.descriptor.ClassBasedTestDescriptor.lambda$instantiateAndPostProcessTestInstance$6(ClassBasedTestDescriptor.java:283)
	at org.junit.platform.engine.support.hierarchical.ThrowableCollector.execute(ThrowableCollector.java:73)
	at org.junit.jupiter.engine.descriptor.ClassBasedTestDescriptor.instantiateAndPostProcessTestInstance(ClassBasedTestDescriptor.java:282)
	at org.junit.jupiter.engine.descriptor.ClassBasedTestDescriptor.lambda$testInstancesProvider$4(ClassBasedTestDescriptor.java:272)
	at java.base/java.util.Optional.orElseGet(Optional.java:369)
	at org.junit.jupiter.engine.descriptor.ClassBasedTestDescriptor.lambda$testInstancesProvider$5(ClassBasedTestDescriptor.java:271)
	at org.junit.jupiter.engine.execution.TestInstancesProvider.getTestInstances(TestInstancesProvider.java:31)
	at org.junit.jupiter.engine.descriptor.TestMethodTestDescriptor.lambda$prepare$0(TestMethodTestDescriptor.java:102)
	at org.junit.platform.engine.support.hierarchical.ThrowableCollector.execute(ThrowableCollector.java:73)
	at org.junit.jupiter.engine.descriptor.TestMethodTestDescriptor.prepare(TestMethodTestDescriptor.java:101)
	at org.junit.jupiter.engine.descriptor.TestMethodTestDescriptor.prepare(TestMethodTestDescriptor.java:66)
	at org.junit.platform.engine.support.hierarchical.NodeTestTask.lambda$prepare$2(NodeTestTask.java:123)
	at org.junit.platform.engine.support.hierarchical.ThrowableCollector.execute(ThrowableCollector.java:73)
	at org.junit.platform.engine.support.hierarchical.NodeTestTask.prepare(NodeTestTask.java:123)
	at org.junit.platform.engine.support.hierarchical.NodeTestTask.execute(NodeTestTask.java:90)
	at org.junit.platform.engine.support.hierarchical.SameThreadHierarchicalTestExecutorService.submit(SameThreadHierarchicalTestExecutorService.java:35)
	at org.junit.platform.engine.support.hierarchical.NodeTestTask$DefaultDynamicTestExecutor.execute(NodeTestTask.java:226)
	at org.junit.platform.engine.support.hierarchical.NodeTestTask$DefaultDynamicTestExecutor.execute(NodeTestTask.java:204)
	at org.junit.jupiter.engine.descriptor.TestTemplateTestDescriptor.execute(TestTemplateTestDescriptor.java:139)
	at org.junit.jupiter.engine.descriptor.TestTemplateTestDescriptor.lambda$execute$2(TestTemplateTestDescriptor.java:107)
	at java.base/java.util.stream.ForEachOps$ForEachOp$OfRef.accept(ForEachOps.java:183)
	at java.base/java.util.stream.ReferencePipeline$3$1.accept(ReferencePipeline.java:195)
	at java.base/java.util.stream.ReferencePipeline$2$1.accept(ReferencePipeline.java:177)
	at java.base/java.util.stream.ReferencePipeline$3$1.accept(ReferencePipeline.java:195)
	at java.base/java.util.stream.ForEachOps$ForEachOp$OfRef.accept(ForEachOps.java:183)
	at java.base/java.util.stream.ReferencePipeline$3$1.accept(ReferencePipeline.java:195)
	at java.base/java.util.stream.ReferencePipeline$3$1.accept(ReferencePipeline.java:195)
	at java.base/java.util.stream.ReferencePipeline$3$1.accept(ReferencePipeline.java:195)
	at java.base/java.util.ArrayList$ArrayListSpliterator.forEachRemaining(ArrayList.java:1655)
	at java.base/java.util.stream.ReferencePipeline$Head.forEach(ReferencePipeline.java:658)
	at java.base/java.util.stream.ReferencePipeline$7$1.accept(ReferencePipeline.java:274)
	at java.base/java.util.stream.ReferencePipeline$3$1.accept(ReferencePipeline.java:195)
	at java.base/java.util.stream.ReferencePipeline$3$1.accept(ReferencePipeline.java:195)
	at java.base/java.util.stream.ReferencePipeline$3$1.accept(ReferencePipeline.java:195)
	at java.base/java.util.ArrayList$ArrayListSpliterator.forEachRemaining(ArrayList.java:1655)
	at java.base/java.util.stream.AbstractPipeline.copyInto(AbstractPipeline.java:484)
	at java.base/java.util.stream.AbstractPipeline.wrapAndCopyInto(AbstractPipeline.java:474)
	at java.base/java.util.stream.ForEachOps$ForEachOp.evaluateSequential(ForEachOps.java:150)
	at java.base/java.util.stream.ForEachOps$ForEachOp$OfRef.evaluateSequential(ForEachOps.java:173)
	at java.base/java.util.stream.AbstractPipeline.evaluate(AbstractPipeline.java:234)
	at java.base/java.util.stream.ReferencePipeline.forEach(ReferencePipeline.java:497)
	at java.base/java.util.stream.ReferencePipeline$7$1.accept(ReferencePipeline.java:274)
	at java.base/java.util.ArrayList$ArrayListSpliterator.forEachRemaining(ArrayList.java:1655)
	at java.base/java.util.stream.AbstractPipeline.copyInto(AbstractPipeline.java:484)
	at java.base/java.util.stream.AbstractPipeline.wrapAndCopyInto(AbstractPipeline.java:474)
	at java.base/java.util.stream.ForEachOps$ForEachOp.evaluateSequential(ForEachOps.java:150)
	at java.base/java.util.stream.ForEachOps$ForEachOp$OfRef.evaluateSequential(ForEachOps.java:173)
	at java.base/java.util.stream.AbstractPipeline.evaluate(AbstractPipeline.java:234)
	at java.base/java.util.stream.ReferencePipeline.forEach(ReferencePipeline.java:497)
	at org.junit.jupiter.engine.descriptor.TestTemplateTestDescriptor.execute(TestTemplateTestDescriptor.java:107)
	at org.junit.jupiter.engine.descriptor.TestTemplateTestDescriptor.execute(TestTemplateTestDescriptor.java:42)
	at org.junit.platform.engine.support.hierarchical.NodeTestTask.lambda$executeRecursively$6(NodeTestTask.java:151)
	at org.junit.platform.engine.support.hierarchical.ThrowableCollector.execute(ThrowableCollector.java:73)
	at org.junit.platform.engine.support.hierarchical.NodeTestTask.lambda$executeRecursively$8(NodeTestTask.java:141)
	at org.junit.platform.engine.support.hierarchical.Node.around(Node.java:137)
	at org.junit.platform.engine.support.hierarchical.NodeTestTask.lambda$executeRecursively$9(NodeTestTask.java:139)
	at org.junit.platform.engine.support.hierarchical.ThrowableCollector.execute(ThrowableCollector.java:73)
	at org.junit.platform.engine.support.hierarchical.NodeTestTask.executeRecursively(NodeTestTask.java:138)
	at org.junit.platform.engine.support.hierarchical.NodeTestTask.execute(NodeTestTask.java:95)
	at java.base/java.util.ArrayList.forEach(ArrayList.java:1541)
	at org.junit.platform.engine.support.hierarchical.SameThreadHierarchicalTestExecutorService.invokeAll(SameThreadHierarchicalTestExecutorService.java:41)
	at org.junit.platform.engine.support.hierarchical.NodeTestTask.lambda$executeRecursively$6(NodeTestTask.java:155)
	at org.junit.platform.engine.support.hierarchical.ThrowableCollector.execute(ThrowableCollector.java:73)
	at org.junit.platform.engine.support.hierarchical.NodeTestTask.lambda$executeRecursively$8(NodeTestTask.java:141)
	at org.junit.platform.engine.support.hierarchical.Node.around(Node.java:137)
	at org.junit.platform.engine.support.hierarchical.NodeTestTask.lambda$executeRecursively$9(NodeTestTask.java:139)
	at org.junit.platform.engine.support.hierarchical.ThrowableCollector.execute(ThrowableCollector.java:73)
	at org.junit.platform.engine.support.hierarchical.NodeTestTask.executeRecursively(NodeTestTask.java:138)
	at org.junit.platform.engine.support.hierarchical.NodeTestTask.execute(NodeTestTask.java:95)
	at java.base/java.util.ArrayList.forEach(ArrayList.java:1541)
	at org.junit.platform.engine.support.hierarchical.SameThreadHierarchicalTestExecutorService.invokeAll(SameThreadHierarchicalTestExecutorService.java:41)
	at org.junit.platform.engine.support.hierarchical.NodeTestTask.lambda$executeRecursively$6(NodeTestTask.java:155)
	at org.junit.platform.engine.support.hierarchical.ThrowableCollector.execute(ThrowableCollector.java:73)
	at org.junit.platform.engine.support.hierarchical.NodeTestTask.lambda$executeRecursively$8(NodeTestTask.java:141)
	at org.junit.platform.engine.support.hierarchical.Node.around(Node.java:137)
	at org.junit.platform.engine.support.hierarchical.NodeTestTask.lambda$executeRecursively$9(NodeTestTask.java:139)
	at org.junit.platform.engine.support.hierarchical.ThrowableCollector.execute(ThrowableCollector.java:73)
	at org.junit.platform.engine.support.hierarchical.NodeTestTask.executeRecursively(NodeTestTask.java:138)
	at org.junit.platform.engine.support.hierarchical.NodeTestTask.execute(NodeTestTask.java:95)
	at org.junit.platform.engine.support.hierarchical.SameThreadHierarchicalTestExecutorService.submit(SameThreadHierarchicalTestExecutorService.java:35)
	at org.junit.platform.engine.support.hierarchical.HierarchicalTestExecutor.execute(HierarchicalTestExecutor.java:57)
	at org.junit.platform.engine.support.hierarchical.HierarchicalTestEngine.execute(HierarchicalTestEngine.java:54)
	at org.junit.platform.launcher.core.DefaultLauncher.execute(DefaultLauncher.java:220)
	at org.junit.platform.launcher.core.DefaultLauncher.lambda$execute$6(DefaultLauncher.java:188)
	at org.junit.platform.launcher.core.DefaultLauncher.withInterceptedStreams(DefaultLauncher.java:202)
	at org.junit.platform.launcher.core.DefaultLauncher.execute(DefaultLauncher.java:181)
	at org.junit.platform.launcher.core.DefaultLauncher.execute(DefaultLauncher.java:128)
	at org.apache.maven.surefire.junitplatform.JUnitPlatformProvider.invokeAllTests(JUnitPlatformProvider.java:150)
	at org.apache.maven.surefire.junitplatform.JUnitPlatformProvider.invoke(JUnitPlatformProvider.java:124)
	at org.apache.maven.surefire.booter.ForkedBooter.invokeProviderInSameClassLoader(ForkedBooter.java:384)
	at org.apache.maven.surefire.booter.ForkedBooter.runSuitesInProcess(ForkedBooter.java:345)
	at org.apache.maven.surefire.booter.ForkedBooter.execute(ForkedBooter.java:126)
	at org.apache.maven.surefire.booter.ForkedBooter.main(ForkedBooter.java:418)
Caused by: org.springframework.beans.factory.UnsatisfiedDependencyException: Error creating bean with name 'userDetailsServiceImpl': Unsatisfied dependency expressed through field 'userRepository'; nested exception is org.springframework.beans.factory.BeanCreationException: Error creating bean with name 'userRepository' defined in com.example.demo.repository.UserRepository defined in @EnableMongoRepositories declared on MongoRepositoriesRegistrar.EnableMongoRepositoriesConfiguration: Cannot resolve reference to bean 'mongoTemplate' while setting bean property 'mongoOperations'; nested exception is org.springframework.beans.factory.BeanCreationException: Error creating bean with name 'mongoTemplate' defined in class path resource [org/springframework/boot/autoconfigure/data/mongo/MongoDatabaseFactoryDependentConfiguration.class]: Bean instantiation via factory method failed; nested exception is org.springframework.beans.BeanInstantiationException: Failed to instantiate [org.springframework.data.mongodb.core.MongoTemplate]: Factory method 'mongoTemplate' threw exception; nested exception is org.springframework.dao.DataAccessResourceFailureException: Timed out after 30000 ms while waiting for a server that matches com.mongodb.client.internal.MongoClientDelegate$1@1f949ab9. Client view of cluster state is {type=REPLICA_SET, servers=[{address=ac-vellxrk-shard-00-01.aeg89es.mongodb.net:27017, type=UNKNOWN, state=CONNECTING, exception={com.mongodb.MongoSocketWriteException: Exception sending message}, caused by {javax.net.ssl.SSLException: Received fatal alert: internal_error}}, {address=ac-vellxrk-shard-00-02.aeg89es.mongodb.net:27017, type=UNKNOWN, state=CONNECTING, exception={com.mongodb.MongoSocketWriteException: Exception sending message}, caused by {javax.net.ssl.SSLException: Received fatal alert: internal_error}}, {address=ac-vellxrk-shard-00-00.aeg89es.mongodb.net:27017, type=UNKNOWN, state=CONNECTING, exception={com.mongodb.MongoSocketWriteException: Exception sending message}, caused by {javax.net.ssl.SSLException: Received fatal alert: internal_error}}]; nested exception is com.mongodb.MongoTimeoutException: Timed out after 30000 ms while waiting for a server that matches com.mongodb.client.internal.MongoClientDelegate$1@1f949ab9. Client view of cluster state is {type=REPLICA_SET, servers=[{address=ac-vellxrk-shard-00-01.aeg89es.mongodb.net:27017, type=UNKNOWN, state=CONNECTING, exception={com.mongodb.MongoSocketWriteException: Exception sending message}, caused by {javax.net.ssl.SSLException: Received fatal alert: internal_error}}, {address=ac-vellxrk-shard-00-02.aeg89es.mongodb.net:27017, type=UNKNOWN, state=CONNECTING, exception={com.mongodb.MongoSocketWriteException: Exception sending message}, caused by {javax.net.ssl.SSLException: Received fatal alert: internal_error}}, {address=ac-vellxrk-shard-00-00.aeg89es.mongodb.net:27017, type=UNKNOWN, state=CONNECTING, exception={com.mongodb.MongoSocketWriteException: Exception sending message}, caused by {javax.net.ssl.SSLException: Received fatal alert: internal_error}}]
	at org.springframework.beans.factory.annotation.AutowiredAnnotationBeanPostProcessor$AutowiredFieldElement.resolveFieldValue(AutowiredAnnotationBeanPostProcessor.java:713)
	at org.springframework.beans.factory.annotation.AutowiredAnnotationBeanPostProcessor$AutowiredFieldElement.inject(AutowiredAnnotationBeanPostProcessor.java:693)
	at org.springframework.beans.factory.annotation.InjectionMetadata.inject(InjectionMetadata.java:119)
	at org.springframework.beans.factory.annotation.AutowiredAnnotationBeanPostProcessor.postProcessProperties(AutowiredAnnotationBeanPostProcessor.java:408)
	at org.springframework.beans.factory.support.AbstractAutowireCapableBeanFactory.populateBean(AbstractAutowireCapableBeanFactory.java:1431)
	at org.springframework.beans.factory.support.AbstractAutowireCapableBeanFactory.doCreateBean(AbstractAutowireCapableBeanFactory.java:619)
	at org.springframework.beans.factory.support.AbstractAutowireCapableBeanFactory.createBean(AbstractAutowireCapableBeanFactory.java:542)
	at org.springframework.beans.factory.support.AbstractBeanFactory.lambda$doGetBean$0(AbstractBeanFactory.java:335)
	at org.springframework.beans.factory.support.DefaultSingletonBeanRegistry.getSingleton(DefaultSingletonBeanRegistry.java:234)
	at org.springframework.beans.factory.support.AbstractBeanFactory.doGetBean(AbstractBeanFactory.java:333)
	at org.springframework.beans.factory.support.AbstractBeanFactory.getBean(AbstractBeanFactory.java:208)
	at org.springframework.beans.factory.config.DependencyDescriptor.resolveCandidate(DependencyDescriptor.java:276)
	at org.springframework.beans.factory.support.DefaultListableBeanFactory.doResolveDependency(DefaultListableBeanFactory.java:1391)
	at org.springframework.beans.factory.support.DefaultListableBeanFactory.resolveDependency(DefaultListableBeanFactory.java:1311)
	at org.springframework.beans.factory.annotation.AutowiredAnnotationBeanPostProcessor$AutowiredFieldElement.resolveFieldValue(AutowiredAnnotationBeanPostProcessor.java:710)
	... 131 common frames omitted
Caused by: org.springframework.beans.factory.BeanCreationException: Error creating bean with name 'userRepository' defined in com.example.demo.repository.UserRepository defined in @EnableMongoRepositories declared on MongoRepositoriesRegistrar.EnableMongoRepositoriesConfiguration: Cannot resolve reference to bean 'mongoTemplate' while setting bean property 'mongoOperations'; nested exception is org.springframework.beans.factory.BeanCreationException: Error creating bean with name 'mongoTemplate' defined in class path resource [org/springframework/boot/autoconfigure/data/mongo/MongoDatabaseFactoryDependentConfiguration.class]: Bean instantiation via factory method failed; nested exception is org.springframework.beans.BeanInstantiationException: Failed to instantiate [org.springframework.data.mongodb.core.MongoTemplate]: Factory method 'mongoTemplate' threw exception; nested exception is org.springframework.dao.DataAccessResourceFailureException: Timed out after 30000 ms while waiting for a server that matches com.mongodb.client.internal.MongoClientDelegate$1@1f949ab9. Client view of cluster state is {type=REPLICA_SET, servers=[{address=ac-vellxrk-shard-00-01.aeg89es.mongodb.net:27017, type=UNKNOWN, state=CONNECTING, exception={com.mongodb.MongoSocketWriteException: Exception sending message}, caused by {javax.net.ssl.SSLException: Received fatal alert: internal_error}}, {address=ac-vellxrk-shard-00-02.aeg89es.mongodb.net:27017, type=UNKNOWN, state=CONNECTING, exception={com.mongodb.MongoSocketWriteException: Exception sending message}, caused by {javax.net.ssl.SSLException: Received fatal alert: internal_error}}, {address=ac-vellxrk-shard-00-00.aeg89es.mongodb.net:27017, type=UNKNOWN, state=CONNECTING, exception={com.mongodb.MongoSocketWriteException: Exception sending message}, caused by {javax.net.ssl.SSLException: Received fatal alert: internal_error}}]; nested exception is com.mongodb.MongoTimeoutException: Timed out after 30000 ms while waiting for a server that matches com.mongodb.client.internal.MongoClientDelegate$1@1f949ab9. Client view of cluster state is {type=REPLICA_SET, servers=[{address=ac-vellxrk-shard-00-01.aeg89es.mongodb.net:27017, type=UNKNOWN, state=CONNECTING, exception={com.mongodb.MongoSocketWriteException: Exception sending message}, caused by {javax.net.ssl.SSLException: Received fatal alert: internal_error}}, {address=ac-vellxrk-shard-00-02.aeg89es.mongodb.net:27017, type=UNKNOWN, state=CONNECTING, exception={com.mongodb.MongoSocketWriteException: Exception sending message}, caused by {javax.net.ssl.SSLException: Received fatal alert: internal_error}}, {address=ac-vellxrk-shard-00-00.aeg89es.mongodb.net:27017, type=UNKNOWN, state=CONNECTING, exception={com.mongodb.MongoSocketWriteException: Exception sending message}, caused by {javax.net.ssl.SSLException: Received fatal alert: internal_error}}]
	at org.springframework.beans.factory.support.BeanDefinitionValueResolver.resolveReference(BeanDefinitionValueResolver.java:342)
	at org.springframework.beans.factory.support.BeanDefinitionValueResolver.resolveValueIfNecessary(BeanDefinitionValueResolver.java:113)
	at org.springframework.beans.factory.support.AbstractAutowireCapableBeanFactory.applyPropertyValues(AbstractAutowireCapableBeanFactory.java:1707)
	at org.springframework.beans.factory.support.AbstractAutowireCapableBeanFactory.populateBean(AbstractAutowireCapableBeanFactory.java:1452)
	at org.springframework.beans.factory.support.AbstractAutowireCapableBeanFactory.doCreateBean(AbstractAutowireCapableBeanFactory.java:619)
	at org.springframework.beans.factory.support.AbstractAutowireCapableBeanFactory.createBean(AbstractAutowireCapableBeanFactory.java:542)
	at org.springframework.beans.factory.support.AbstractBeanFactory.lambda$doGetBean$0(AbstractBeanFactory.java:335)
	at org.springframework.beans.factory.support.DefaultSingletonBeanRegistry.getSingleton(DefaultSingletonBeanRegistry.java:234)
	at org.springframework.beans.factory.support.AbstractBeanFactory.doGetBean(AbstractBeanFactory.java:333)
	at org.springframework.beans.factory.support.AbstractBeanFactory.getBean(AbstractBeanFactory.java:208)
	at org.springframework.beans.factory.config.DependencyDescriptor.resolveCandidate(DependencyDescriptor.java:276)
	at org.springframework.beans.factory.support.DefaultListableBeanFactory.doResolveDependency(DefaultListableBeanFactory.java:1391)
	at org.springframework.beans.factory.support.DefaultListableBeanFactory.resolveDependency(DefaultListableBeanFactory.java:1311)
	at org.springframework.beans.factory.annotation.AutowiredAnnotationBeanPostProcessor$AutowiredFieldElement.resolveFieldValue(AutowiredAnnotationBeanPostProcessor.java:710)
	... 145 common frames omitted
Caused by: org.springframework.beans.factory.BeanCreationException: Error creating bean with name 'mongoTemplate' defined in class path resource [org/springframework/boot/autoconfigure/data/mongo/MongoDatabaseFactoryDependentConfiguration.class]: Bean instantiation via factory method failed; nested exception is org.springframework.beans.BeanInstantiationException: Failed to instantiate [org.springframework.data.mongodb.core.MongoTemplate]: Factory method 'mongoTemplate' threw exception; nested exception is org.springframework.dao.DataAccessResourceFailureException: Timed out after 30000 ms while waiting for a server that matches com.mongodb.client.internal.MongoClientDelegate$1@1f949ab9. Client view of cluster state is {type=REPLICA_SET, servers=[{address=ac-vellxrk-shard-00-01.aeg89es.mongodb.net:27017, type=UNKNOWN, state=CONNECTING, exception={com.mongodb.MongoSocketWriteException: Exception sending message}, caused by {javax.net.ssl.SSLException: Received fatal alert: internal_error}}, {address=ac-vellxrk-shard-00-02.aeg89es.mongodb.net:27017, type=UNKNOWN, state=CONNECTING, exception={com.mongodb.MongoSocketWriteException: Exception sending message}, caused by {javax.net.ssl.SSLException: Received fatal alert: internal_error}}, {address=ac-vellxrk-shard-00-00.aeg89es.mongodb.net:27017, type=UNKNOWN, state=CONNECTING, exception={com.mongodb.MongoSocketWriteException: Exception sending message}, caused by {javax.net.ssl.SSLException: Received fatal alert: internal_error}}]; nested exception is com.mongodb.MongoTimeoutException: Timed out after 30000 ms while waiting for a server that matches com.mongodb.client.internal.MongoClientDelegate$1@1f949ab9. Client view of cluster state is {type=REPLICA_SET, servers=[{address=ac-vellxrk-shard-00-01.aeg89es.mongodb.net:27017, type=UNKNOWN, state=CONNECTING, exception={com.mongodb.MongoSocketWriteException: Exception sending message}, caused by {javax.net.ssl.SSLException: Received fatal alert: internal_error}}, {address=ac-vellxrk-shard-00-02.aeg89es.mongodb.net:27017, type=UNKNOWN, state=CONNECTING, exception={com.mongodb.MongoSocketWriteException: Exception sending message}, caused by {javax.net.ssl.SSLException: Received fatal alert: internal_error}}, {address=ac-vellxrk-shard-00-00.aeg89es.mongodb.net:27017, type=UNKNOWN, state=CONNECTING, exception={com.mongodb.MongoSocketWriteException: Exception sending message}, caused by {javax.net.ssl.SSLException: Received fatal alert: internal_error}}]
	at org.springframework.beans.factory.support.ConstructorResolver.instantiate(ConstructorResolver.java:653)
	at org.springframework.beans.factory.support.ConstructorResolver.instantiateUsingFactoryMethod(ConstructorResolver.java:633)
	at org.springframework.beans.factory.support.AbstractAutowireCapableBeanFactory.instantiateUsingFactoryMethod(AbstractAutowireCapableBeanFactory.java:1352)
	at org.springframework.beans.factory.support.AbstractAutowireCapableBeanFactory.createBeanInstance(AbstractAutowireCapableBeanFactory.java:1195)
	at org.springframework.beans.factory.support.AbstractAutowireCapableBeanFactory.doCreateBean(AbstractAutowireCapableBeanFactory.java:582)
	at org.springframework.beans.factory.support.AbstractAutowireCapableBeanFactory.createBean(AbstractAutowireCapableBeanFactory.java:542)
	at org.springframework.beans.factory.support.AbstractBeanFactory.lambda$doGetBean$0(AbstractBeanFactory.java:335)
	at org.springframework.beans.factory.support.DefaultSingletonBeanRegistry.getSingleton(DefaultSingletonBeanRegistry.java:234)
	at org.springframework.beans.factory.support.AbstractBeanFactory.doGetBean(AbstractBeanFactory.java:333)
	at org.springframework.beans.factory.support.AbstractBeanFactory.getBean(AbstractBeanFactory.java:208)
	at org.springframework.beans.factory.support.BeanDefinitionValueResolver.resolveReference(BeanDefinitionValueResolver.java:330)
	... 158 common frames omitted
Caused by: org.springframework.beans.BeanInstantiationException: Failed to instantiate [org.springframework.data.mongodb.core.MongoTemplate]: Factory method 'mongoTemplate' threw exception; nested exception is org.springframework.dao.DataAccessResourceFailureException: Timed out after 30000 ms while waiting for a server that matches com.mongodb.client.internal.MongoClientDelegate$1@1f949ab9. Client view of cluster state is {type=REPLICA_SET, servers=[{address=ac-vellxrk-shard-00-01.aeg89es.mongodb.net:27017, type=UNKNOWN, state=CONNECTING, exception={com.mongodb.MongoSocketWriteException: Exception sending message}, caused by {javax.net.ssl.SSLException: Received fatal alert: internal_error}}, {address=ac-vellxrk-shard-00-02.aeg89es.mongodb.net:27017, type=UNKNOWN, state=CONNECTING, exception={com.mongodb.MongoSocketWriteException: Exception sending message}, caused by {javax.net.ssl.SSLException: Received fatal alert: internal_error}}, {address=ac-vellxrk-shard-00-00.aeg89es.mongodb.net:27017, type=UNKNOWN, state=CONNECTING, exception={com.mongodb.MongoSocketWriteException: Exception sending message}, caused by {javax.net.ssl.SSLException: Received fatal alert: internal_error}}]; nested exception is com.mongodb.MongoTimeoutException: Timed out after 30000 ms while waiting for a server that matches com.mongodb.client.internal.MongoClientDelegate$1@1f949ab9. Client view of cluster state is {type=REPLICA_SET, servers=[{address=ac-vellxrk-shard-00-01.aeg89es.mongodb.net:27017, type=UNKNOWN, state=CONNECTING, exception={com.mongodb.MongoSocketWriteException: Exception sending message}, caused by {javax.net.ssl.SSLException: Received fatal alert: internal_error}}, {address=ac-vellxrk-shard-00-02.aeg89es.mongodb.net:27017, type=UNKNOWN, state=CONNECTING, exception={com.mongodb.MongoSocketWriteException: Exception sending message}, caused by {javax.net.ssl.SSLException: Received fatal alert: internal_error}}, {address=ac-vellxrk-shard-00-00.aeg89es.mongodb.net:27017, type=UNKNOWN, state=CONNECTING, exception={com.mongodb.MongoSocketWriteException: Exception sending message}, caused by {javax.net.ssl.SSLException: Received fatal alert: internal_error}}]
	at org.springframework.beans.factory.support.SimpleInstantiationStrategy.instantiate(SimpleInstantiationStrategy.java:185)
	at org.springframework.beans.factory.support.ConstructorResolver.instantiate(ConstructorResolver.java:648)
	... 168 common frames omitted
Caused by: org.springframework.dao.DataAccessResourceFailureException: Timed out after 30000 ms while waiting for a server that matches com.mongodb.client.internal.MongoClientDelegate$1@1f949ab9. Client view of cluster state is {type=REPLICA_SET, servers=[{address=ac-vellxrk-shard-00-01.aeg89es.mongodb.net:27017, type=UNKNOWN, state=CONNECTING, exception={com.mongodb.MongoSocketWriteException: Exception sending message}, caused by {javax.net.ssl.SSLException: Received fatal alert: internal_error}}, {address=ac-vellxrk-shard-00-02.aeg89es.mongodb.net:27017, type=UNKNOWN, state=CONNECTING, exception={com.mongodb.MongoSocketWriteException: Exception sending message}, caused by {javax.net.ssl.SSLException: Received fatal alert: internal_error}}, {address=ac-vellxrk-shard-00-00.aeg89es.mongodb.net:27017, type=UNKNOWN, state=CONNECTING, exception={com.mongodb.MongoSocketWriteException: Exception sending message}, caused by {javax.net.ssl.SSLException: Received fatal alert: internal_error}}]; nested exception is com.mongodb.MongoTimeoutException: Timed out after 30000 ms while waiting for a server that matches com.mongodb.client.internal.MongoClientDelegate$1@1f949ab9. Client view of cluster state is {type=REPLICA_SET, servers=[{address=ac-vellxrk-shard-00-01.aeg89es.mongodb.net:27017, type=UNKNOWN, state=CONNECTING, exception={com.mongodb.MongoSocketWriteException: Exception sending message}, caused by {javax.net.ssl.SSLException: Received fatal alert: internal_error}}, {address=ac-vellxrk-shard-00-02.aeg89es.mongodb.net:27017, type=UNKNOWN, state=CONNECTING, exception={com.mongodb.MongoSocketWriteException: Exception sending message}, caused by {javax.net.ssl.SSLException: Received fatal alert: internal_error}}, {address=ac-vellxrk-shard-00-00.aeg89es.mongodb.net:27017, type=UNKNOWN, state=CONNECTING, exception={com.mongodb.MongoSocketWriteException: Exception sending message}, caused by {javax.net.ssl.SSLException: Received fatal alert: internal_error}}]
	at org.springframework.data.mongodb.core.MongoExceptionTranslator.translateExceptionIfPossible(MongoExceptionTranslator.java:95)
	at org.springframework.data.mongodb.core.MongoTemplate.potentiallyConvertRuntimeException(MongoTemplate.java:3029)
	at org.springframework.data.mongodb.core.MongoTemplate.execute(MongoTemplate.java:581)
	at org.springframework.data.mongodb.core.DefaultIndexOperations.execute(DefaultIndexOperations.java:215)
	at org.springframework.data.mongodb.core.DefaultIndexOperations.ensureIndex(DefaultIndexOperations.java:121)
	at org.springframework.data.mongodb.core.index.MongoPersistentEntityIndexCreator.createIndex(MongoPersistentEntityIndexCreator.java:157)
	at org.springframework.data.mongodb.core.index.MongoPersistentEntityIndexCreator.checkForAndCreateIndexes(MongoPersistentEntityIndexCreator.java:147)
	at org.springframework.data.mongodb.core.index.MongoPersistentEntityIndexCreator.checkForIndexes(MongoPersistentEntityIndexCreator.java:131)
	at org.springframework.data.mongodb.core.index.MongoPersistentEntityIndexCreator.<init>(MongoPersistentEntityIndexCreator.java:96)
	at org.springframework.data.mongodb.core.index.MongoPersistentEntityIndexCreator.<init>(MongoPersistentEntityIndexCreator.java:73)
	at org.springframework.data.mongodb.core.MongoTemplate.<init>(MongoTemplate.java:224)
	at org.springframework.boot.autoconfigure.data.mongo.MongoDatabaseFactoryDependentConfiguration.mongoTemplate(MongoDatabaseFactoryDependentConfiguration.java:63)
	at java.base/jdk.internal.reflect.NativeMethodAccessorImpl.invoke0(Native Method)
	at java.base/jdk.internal.reflect.NativeMethodAccessorImpl.invoke(NativeMethodAccessorImpl.java:62)
	at java.base/jdk.internal.reflect.DelegatingMethodAccessorImpl.invoke(DelegatingMethodAccessorImpl.java:43)
	at java.base/java.lang.reflect.Method.invoke(Method.java:566)
	at org.springframework.beans.factory.support.SimpleInstantiationStrategy.instantiate(SimpleInstantiationStrategy.java:154)
	... 169 common frames omitted
Caused by: com.mongodb.MongoTimeoutException: Timed out after 30000 ms while waiting for a server that matches com.mongodb.client.internal.MongoClientDelegate$1@1f949ab9. Client view of cluster state is {type=REPLICA_SET, servers=[{address=ac-vellxrk-shard-00-01.aeg89es.mongodb.net:27017, type=UNKNOWN, state=CONNECTING, exception={com.mongodb.MongoSocketWriteException: Exception sending message}, caused by {javax.net.ssl.SSLException: Received fatal alert: internal_error}}, {address=ac-vellxrk-shard-00-02.aeg89es.mongodb.net:27017, type=UNKNOWN, state=CONNECTING, exception={com.mongodb.MongoSocketWriteException: Exception sending message}, caused by {javax.net.ssl.SSLException: Received fatal alert: internal_error}}, {address=ac-vellxrk-shard-00-00.aeg89es.mongodb.net:27017, type=UNKNOWN, state=CONNECTING, exception={com.mongodb.MongoSocketWriteException: Exception sending message}, caused by {javax.net.ssl.SSLException: Received fatal alert: internal_error}}]
	at com.mongodb.internal.connection.BaseCluster.createTimeoutException(BaseCluster.java:424)
	at com.mongodb.internal.connection.BaseCluster.selectServer(BaseCluster.java:121)
	at com.mongodb.internal.connection.AbstractMultiServerCluster.selectServer(AbstractMultiServerCluster.java:50)
	at com.mongodb.client.internal.MongoClientDelegate.getConnectedClusterDescription(MongoClientDelegate.java:146)
	at com.mongodb.client.internal.MongoClientDelegate.createClientSession(MongoClientDelegate.java:101)
	at com.mongodb.client.internal.MongoClientDelegate$DelegateOperationExecutor.getClientSession(MongoClientDelegate.java:291)
	at com.mongodb.client.internal.MongoClientDelegate$DelegateOperationExecutor.execute(MongoClientDelegate.java:207)
	at com.mongodb.client.internal.MongoCollectionImpl.executeCreateIndexes(MongoCollectionImpl.java:848)
	at com.mongodb.client.internal.MongoCollectionImpl.createIndexes(MongoCollectionImpl.java:831)
	at com.mongodb.client.internal.MongoCollectionImpl.createIndexes(MongoCollectionImpl.java:826)
	at com.mongodb.client.internal.MongoCollectionImpl.createIndex(MongoCollectionImpl.java:811)
	at org.springframework.data.mongodb.core.DefaultIndexOperations.lambda$ensureIndex$0(DefaultIndexOperations.java:131)
	at org.springframework.data.mongodb.core.MongoTemplate.execute(MongoTemplate.java:579)
	... 183 common frames omitted
21:13:16.790 [main] ERROR o.s.test.context.TestContextManager - Caught exception while allowing TestExecutionListener [org.springframework.test.context.web.ServletTestExecutionListener@1de13f34] to prepare test instance [com.example.demo.service.UserServiceTests@34aa8b61]
java.lang.IllegalStateException: Failed to load ApplicationContext
	at org.springframework.test.context.cache.DefaultCacheAwareContextLoaderDelegate.loadContext(DefaultCacheAwareContextLoaderDelegate.java:98)
	at org.springframework.test.context.support.DefaultTestContext.getApplicationContext(DefaultTestContext.java:124)
	at org.springframework.test.context.web.ServletTestExecutionListener.setUpRequestContextIfNecessary(ServletTestExecutionListener.java:190)
	at org.springframework.test.context.web.ServletTestExecutionListener.prepareTestInstance(ServletTestExecutionListener.java:132)
	at org.springframework.test.context.TestContextManager.prepareTestInstance(TestContextManager.java:248)
	at org.springframework.test.context.junit.jupiter.SpringExtension.postProcessTestInstance(SpringExtension.java:138)
	at org.junit.jupiter.engine.descriptor.ClassBasedTestDescriptor.lambda$invokeTestInstancePostProcessors$8(ClassBasedTestDescriptor.java:363)
	at org.junit.jupiter.engine.descriptor.ClassBasedTestDescriptor.executeAndMaskThrowable(ClassBasedTestDescriptor.java:368)
	at org.junit.jupiter.engine.descriptor.ClassBasedTestDescriptor.lambda$invokeTestInstancePostProcessors$9(ClassBasedTestDescriptor.java:363)
	at java.base/java.util.stream.ReferencePipeline$3$1.accept(ReferencePipeline.java:195)
	at java.base/java.util.stream.ReferencePipeline$2$1.accept(ReferencePipeline.java:177)
	at java.base/java.util.ArrayList$ArrayListSpliterator.forEachRemaining(ArrayList.java:1655)
	at java.base/java.util.stream.AbstractPipeline.copyInto(AbstractPipeline.java:484)
	at java.base/java.util.stream.AbstractPipeline.wrapAndCopyInto(AbstractPipeline.java:474)
	at java.base/java.util.stream.StreamSpliterators$WrappingSpliterator.forEachRemaining(StreamSpliterators.java:312)
	at java.base/java.util.stream.Streams$ConcatSpliterator.forEachRemaining(Streams.java:735)
	at java.base/java.util.stream.Streams$ConcatSpliterator.forEachRemaining(Streams.java:734)
	at java.base/java.util.stream.Streams$ConcatSpliterator.forEachRemaining(Streams.java:734)
	at java.base/java.util.stream.ReferencePipeline$Head.forEach(ReferencePipeline.java:658)
	at org.junit.jupiter.engine.descriptor.ClassBasedTestDescriptor.invokeTestInstancePostProcessors(ClassBasedTestDescriptor.java:362)
	at org.junit.jupiter.engine.descriptor.ClassBasedTestDescriptor.lambda$instantiateAndPostProcessTestInstance$6(ClassBasedTestDescriptor.java:283)
	at org.junit.platform.engine.support.hierarchical.ThrowableCollector.execute(ThrowableCollector.java:73)
	at org.junit.jupiter.engine.descriptor.ClassBasedTestDescriptor.instantiateAndPostProcessTestInstance(ClassBasedTestDescriptor.java:282)
	at org.junit.jupiter.engine.descriptor.ClassBasedTestDescriptor.lambda$testInstancesProvider$4(ClassBasedTestDescriptor.java:272)
	at java.base/java.util.Optional.orElseGet(Optional.java:369)
	at org.junit.jupiter.engine.descriptor.ClassBasedTestDescriptor.lambda$testInstancesProvider$5(ClassBasedTestDescriptor.java:271)
	at org.junit.jupiter.engine.execution.TestInstancesProvider.getTestInstances(TestInstancesProvider.java:31)
	at org.junit.jupiter.engine.descriptor.TestMethodTestDescriptor.lambda$prepare$0(TestMethodTestDescriptor.java:102)
	at org.junit.platform.engine.support.hierarchical.ThrowableCollector.execute(ThrowableCollector.java:73)
	at org.junit.jupiter.engine.descriptor.TestMethodTestDescriptor.prepare(TestMethodTestDescriptor.java:101)
	at org.junit.jupiter.engine.descriptor.TestMethodTestDescriptor.prepare(TestMethodTestDescriptor.java:66)
	at org.junit.platform.engine.support.hierarchical.NodeTestTask.lambda$prepare$2(NodeTestTask.java:123)
	at org.junit.platform.engine.support.hierarchical.ThrowableCollector.execute(ThrowableCollector.java:73)
	at org.junit.platform.engine.support.hierarchical.NodeTestTask.prepare(NodeTestTask.java:123)
	at org.junit.platform.engine.support.hierarchical.NodeTestTask.execute(NodeTestTask.java:90)
	at org.junit.platform.engine.support.hierarchical.SameThreadHierarchicalTestExecutorService.submit(SameThreadHierarchicalTestExecutorService.java:35)
	at org.junit.platform.engine.support.hierarchical.NodeTestTask$DefaultDynamicTestExecutor.execute(NodeTestTask.java:226)
	at org.junit.platform.engine.support.hierarchical.NodeTestTask$DefaultDynamicTestExecutor.execute(NodeTestTask.java:204)
	at org.junit.jupiter.engine.descriptor.TestTemplateTestDescriptor.execute(TestTemplateTestDescriptor.java:139)
	at org.junit.jupiter.engine.descriptor.TestTemplateTestDescriptor.lambda$execute$2(TestTemplateTestDescriptor.java:107)
	at java.base/java.util.stream.ForEachOps$ForEachOp$OfRef.accept(ForEachOps.java:183)
	at java.base/java.util.stream.ReferencePipeline$3$1.accept(ReferencePipeline.java:195)
	at java.base/java.util.stream.ReferencePipeline$2$1.accept(ReferencePipeline.java:177)
	at java.base/java.util.stream.ReferencePipeline$3$1.accept(ReferencePipeline.java:195)
	at java.base/java.util.stream.ForEachOps$ForEachOp$OfRef.accept(ForEachOps.java:183)
	at java.base/java.util.stream.ReferencePipeline$3$1.accept(ReferencePipeline.java:195)
	at java.base/java.util.stream.ReferencePipeline$3$1.accept(ReferencePipeline.java:195)
	at java.base/java.util.stream.ReferencePipeline$3$1.accept(ReferencePipeline.java:195)
	at java.base/java.util.ArrayList$ArrayListSpliterator.forEachRemaining(ArrayList.java:1655)
	at java.base/java.util.stream.ReferencePipeline$Head.forEach(ReferencePipeline.java:658)
	at java.base/java.util.stream.ReferencePipeline$7$1.accept(ReferencePipeline.java:274)
	at java.base/java.util.stream.ReferencePipeline$3$1.accept(ReferencePipeline.java:195)
	at java.base/java.util.stream.ReferencePipeline$3$1.accept(ReferencePipeline.java:195)
	at java.base/java.util.stream.ReferencePipeline$3$1.accept(ReferencePipeline.java:195)
	at java.base/java.util.ArrayList$ArrayListSpliterator.forEachRemaining(ArrayList.java:1655)
	at java.base/java.util.stream.AbstractPipeline.copyInto(AbstractPipeline.java:484)
	at java.base/java.util.stream.AbstractPipeline.wrapAndCopyInto(AbstractPipeline.java:474)
	at java.base/java.util.stream.ForEachOps$ForEachOp.evaluateSequential(ForEachOps.java:150)
	at java.base/java.util.stream.ForEachOps$ForEachOp$OfRef.evaluateSequential(ForEachOps.java:173)
	at java.base/java.util.stream.AbstractPipeline.evaluate(AbstractPipeline.java:234)
	at java.base/java.util.stream.ReferencePipeline.forEach(ReferencePipeline.java:497)
	at java.base/java.util.stream.ReferencePipeline$7$1.accept(ReferencePipeline.java:274)
	at java.base/java.util.ArrayList$ArrayListSpliterator.forEachRemaining(ArrayList.java:1655)
	at java.base/java.util.stream.AbstractPipeline.copyInto(AbstractPipeline.java:484)
	at java.base/java.util.stream.AbstractPipeline.wrapAndCopyInto(AbstractPipeline.java:474)
	at java.base/java.util.stream.ForEachOps$ForEachOp.evaluateSequential(ForEachOps.java:150)
	at java.base/java.util.stream.ForEachOps$ForEachOp$OfRef.evaluateSequential(ForEachOps.java:173)
	at java.base/java.util.stream.AbstractPipeline.evaluate(AbstractPipeline.java:234)
	at java.base/java.util.stream.ReferencePipeline.forEach(ReferencePipeline.java:497)
	at org.junit.jupiter.engine.descriptor.TestTemplateTestDescriptor.execute(TestTemplateTestDescriptor.java:107)
	at org.junit.jupiter.engine.descriptor.TestTemplateTestDescriptor.execute(TestTemplateTestDescriptor.java:42)
	at org.junit.platform.engine.support.hierarchical.NodeTestTask.lambda$executeRecursively$6(NodeTestTask.java:151)
	at org.junit.platform.engine.support.hierarchical.ThrowableCollector.execute(ThrowableCollector.java:73)
	at org.junit.platform.engine.support.hierarchical.NodeTestTask.lambda$executeRecursively$8(NodeTestTask.java:141)
	at org.junit.platform.engine.support.hierarchical.Node.around(Node.java:137)
	at org.junit.platform.engine.support.hierarchical.NodeTestTask.lambda$executeRecursively$9(NodeTestTask.java:139)
	at org.junit.platform.engine.support.hierarchical.ThrowableCollector.execute(ThrowableCollector.java:73)
	at org.junit.platform.engine.support.hierarchical.NodeTestTask.executeRecursively(NodeTestTask.java:138)
	at org.junit.platform.engine.support.hierarchical.NodeTestTask.execute(NodeTestTask.java:95)
	at java.base/java.util.ArrayList.forEach(ArrayList.java:1541)
	at org.junit.platform.engine.support.hierarchical.SameThreadHierarchicalTestExecutorService.invokeAll(SameThreadHierarchicalTestExecutorService.java:41)
	at org.junit.platform.engine.support.hierarchical.NodeTestTask.lambda$executeRecursively$6(NodeTestTask.java:155)
	at org.junit.platform.engine.support.hierarchical.ThrowableCollector.execute(ThrowableCollector.java:73)
	at org.junit.platform.engine.support.hierarchical.NodeTestTask.lambda$executeRecursively$8(NodeTestTask.java:141)
	at org.junit.platform.engine.support.hierarchical.Node.around(Node.java:137)
	at org.junit.platform.engine.support.hierarchical.NodeTestTask.lambda$executeRecursively$9(NodeTestTask.java:139)
	at org.junit.platform.engine.support.hierarchical.ThrowableCollector.execute(ThrowableCollector.java:73)
	at org.junit.platform.engine.support.hierarchical.NodeTestTask.executeRecursively(NodeTestTask.java:138)
	at org.junit.platform.engine.support.hierarchical.NodeTestTask.execute(NodeTestTask.java:95)
	at java.base/java.util.ArrayList.forEach(ArrayList.java:1541)
	at org.junit.platform.engine.support.hierarchical.SameThreadHierarchicalTestExecutorService.invokeAll(SameThreadHierarchicalTestExecutorService.java:41)
	at org.junit.platform.engine.support.hierarchical.NodeTestTask.lambda$executeRecursively$6(NodeTestTask.java:155)
	at org.junit.platform.engine.support.hierarchical.ThrowableCollector.execute(ThrowableCollector.java:73)
	at org.junit.platform.engine.support.hierarchical.NodeTestTask.lambda$executeRecursively$8(NodeTestTask.java:141)
	at org.junit.platform.engine.support.hierarchical.Node.around(Node.java:137)
	at org.junit.platform.engine.support.hierarchical.NodeTestTask.lambda$executeRecursively$9(NodeTestTask.java:139)
	at org.junit.platform.engine.support.hierarchical.ThrowableCollector.execute(ThrowableCollector.java:73)
	at org.junit.platform.engine.support.hierarchical.NodeTestTask.executeRecursively(NodeTestTask.java:138)
	at org.junit.platform.engine.support.hierarchical.NodeTestTask.execute(NodeTestTask.java:95)
	at org.junit.platform.engine.support.hierarchical.SameThreadHierarchicalTestExecutorService.submit(SameThreadHierarchicalTestExecutorService.java:35)
	at org.junit.platform.engine.support.hierarchical.HierarchicalTestExecutor.execute(HierarchicalTestExecutor.java:57)
	at org.junit.platform.engine.support.hierarchical.HierarchicalTestEngine.execute(HierarchicalTestEngine.java:54)
	at org.junit.platform.launcher.core.DefaultLauncher.execute(DefaultLauncher.java:220)
	at org.junit.platform.launcher.core.DefaultLauncher.lambda$execute$6(DefaultLauncher.java:188)
	at org.junit.platform.launcher.core.DefaultLauncher.withInterceptedStreams(DefaultLauncher.java:202)
	at org.junit.platform.launcher.core.DefaultLauncher.execute(DefaultLauncher.java:181)
	at org.junit.platform.launcher.core.DefaultLauncher.execute(DefaultLauncher.java:128)
	at org.apache.maven.surefire.junitplatform.JUnitPlatformProvider.invokeAllTests(JUnitPlatformProvider.java:150)
	at org.apache.maven.surefire.junitplatform.JUnitPlatformProvider.invoke(JUnitPlatformProvider.java:124)
	at org.apache.maven.surefire.booter.ForkedBooter.invokeProviderInSameClassLoader(ForkedBooter.java:384)
	at org.apache.maven.surefire.booter.ForkedBooter.runSuitesInProcess(ForkedBooter.java:345)
	at org.apache.maven.surefire.booter.ForkedBooter.execute(ForkedBooter.java:126)
	at org.apache.maven.surefire.booter.ForkedBooter.main(ForkedBooter.java:418)
Caused by: org.springframework.beans.factory.UnsatisfiedDependencyException: Error creating bean with name 'springSecurity': Unsatisfied dependency expressed through field 'userDetailsService'; nested exception is org.springframework.beans.factory.UnsatisfiedDependencyException: Error creating bean with name 'userDetailsServiceImpl': Unsatisfied dependency expressed through field 'userRepository'; nested exception is org.springframework.beans.factory.BeanCreationException: Error creating bean with name 'userRepository' defined in com.example.demo.repository.UserRepository defined in @EnableMongoRepositories declared on MongoRepositoriesRegistrar.EnableMongoRepositoriesConfiguration: Cannot resolve reference to bean 'mongoTemplate' while setting bean property 'mongoOperations'; nested exception is org.springframework.beans.factory.BeanCreationException: Error creating bean with name 'mongoTemplate' defined in class path resource [org/springframework/boot/autoconfigure/data/mongo/MongoDatabaseFactoryDependentConfiguration.class]: Bean instantiation via factory method failed; nested exception is org.springframework.beans.BeanInstantiationException: Failed to instantiate [org.springframework.data.mongodb.core.MongoTemplate]: Factory method 'mongoTemplate' threw exception; nested exception is org.springframework.dao.DataAccessResourceFailureException: Timed out after 30000 ms while waiting for a server that matches com.mongodb.client.internal.MongoClientDelegate$1@1f949ab9. Client view of cluster state is {type=REPLICA_SET, servers=[{address=ac-vellxrk-shard-00-01.aeg89es.mongodb.net:27017, type=UNKNOWN, state=CONNECTING, exception={com.mongodb.MongoSocketWriteException: Exception sending message}, caused by {javax.net.ssl.SSLException: Received fatal alert: internal_error}}, {address=ac-vellxrk-shard-00-02.aeg89es.mongodb.net:27017, type=UNKNOWN, state=CONNECTING, exception={com.mongodb.MongoSocketWriteException: Exception sending message}, caused by {javax.net.ssl.SSLException: Received fatal alert: internal_error}}, {address=ac-vellxrk-shard-00-00.aeg89es.mongodb.net:27017, type=UNKNOWN, state=CONNECTING, exception={com.mongodb.MongoSocketWriteException: Exception sending message}, caused by {javax.net.ssl.SSLException: Received fatal alert: internal_error}}]; nested exception is com.mongodb.MongoTimeoutException: Timed out after 30000 ms while waiting for a server that matches com.mongodb.client.internal.MongoClientDelegate$1@1f949ab9. Client view of cluster state is {type=REPLICA_SET, servers=[{address=ac-vellxrk-shard-00-01.aeg89es.mongodb.net:27017, type=UNKNOWN, state=CONNECTING, exception={com.mongodb.MongoSocketWriteException: Exception sending message}, caused by {javax.net.ssl.SSLException: Received fatal alert: internal_error}}, {address=ac-vellxrk-shard-00-02.aeg89es.mongodb.net:27017, type=UNKNOWN, state=CONNECTING, exception={com.mongodb.MongoSocketWriteException: Exception sending message}, caused by {javax.net.ssl.SSLException: Received fatal alert: internal_error}}, {address=ac-vellxrk-shard-00-00.aeg89es.mongodb.net:27017, type=UNKNOWN, state=CONNECTING, exception={com.mongodb.MongoSocketWriteException: Exception sending message}, caused by {javax.net.ssl.SSLException: Received fatal alert: internal_error}}]
	at org.springframework.beans.factory.annotation.AutowiredAnnotationBeanPostProcessor$AutowiredFieldElement.resolveFieldValue(AutowiredAnnotationBeanPostProcessor.java:713)
	at org.springframework.beans.factory.annotation.AutowiredAnnotationBeanPostProcessor$AutowiredFieldElement.inject(AutowiredAnnotationBeanPostProcessor.java:693)
	at org.springframework.beans.factory.annotation.InjectionMetadata.inject(InjectionMetadata.java:119)
	at org.springframework.beans.factory.annotation.AutowiredAnnotationBeanPostProcessor.postProcessProperties(AutowiredAnnotationBeanPostProcessor.java:408)
	at org.springframework.beans.factory.support.AbstractAutowireCapableBeanFactory.populateBean(AbstractAutowireCapableBeanFactory.java:1431)
	at org.springframework.beans.factory.support.AbstractAutowireCapableBeanFactory.doCreateBean(AbstractAutowireCapableBeanFactory.java:619)
	at org.springframework.beans.factory.support.AbstractAutowireCapableBeanFactory.createBean(AbstractAutowireCapableBeanFactory.java:542)
	at org.springframework.beans.factory.support.AbstractBeanFactory.lambda$doGetBean$0(AbstractBeanFactory.java:335)
	at org.springframework.beans.factory.support.DefaultSingletonBeanRegistry.getSingleton(DefaultSingletonBeanRegistry.java:234)
	at org.springframework.beans.factory.support.AbstractBeanFactory.doGetBean(AbstractBeanFactory.java:333)
	at org.springframework.beans.factory.support.AbstractBeanFactory.getBean(AbstractBeanFactory.java:208)
	at org.springframework.beans.factory.support.DefaultListableBeanFactory.preInstantiateSingletons(DefaultListableBeanFactory.java:955)
	at org.springframework.context.support.AbstractApplicationContext.finishBeanFactoryInitialization(AbstractApplicationContext.java:921)
	at org.springframework.context.support.AbstractApplicationContext.refresh(AbstractApplicationContext.java:583)
	at org.springframework.boot.SpringApplication.refresh(SpringApplication.java:731)
	at org.springframework.boot.SpringApplication.refreshContext(SpringApplication.java:408)
	at org.springframework.boot.SpringApplication.run(SpringApplication.java:307)
	at org.springframework.boot.test.context.SpringBootContextLoader.loadContext(SpringBootContextLoader.java:136)
	at org.springframework.test.context.cache.DefaultCacheAwareContextLoaderDelegate.loadContextInternal(DefaultCacheAwareContextLoaderDelegate.java:141)
	at org.springframework.test.context.cache.DefaultCacheAwareContextLoaderDelegate.loadContext(DefaultCacheAwareContextLoaderDelegate.java:90)
	... 112 common frames omitted
Caused by: org.springframework.beans.factory.UnsatisfiedDependencyException: Error creating bean with name 'userDetailsServiceImpl': Unsatisfied dependency expressed through field 'userRepository'; nested exception is org.springframework.beans.factory.BeanCreationException: Error creating bean with name 'userRepository' defined in com.example.demo.repository.UserRepository defined in @EnableMongoRepositories declared on MongoRepositoriesRegistrar.EnableMongoRepositoriesConfiguration: Cannot resolve reference to bean 'mongoTemplate' while setting bean property 'mongoOperations'; nested exception is org.springframework.beans.factory.BeanCreationException: Error creating bean with name 'mongoTemplate' defined in class path resource [org/springframework/boot/autoconfigure/data/mongo/MongoDatabaseFactoryDependentConfiguration.class]: Bean instantiation via factory method failed; nested exception is org.springframework.beans.BeanInstantiationException: Failed to instantiate [org.springframework.data.mongodb.core.MongoTemplate]: Factory method 'mongoTemplate' threw exception; nested exception is org.springframework.dao.DataAccessResourceFailureException: Timed out after 30000 ms while waiting for a server that matches com.mongodb.client.internal.MongoClientDelegate$1@1f949ab9. Client view of cluster state is {type=REPLICA_SET, servers=[{address=ac-vellxrk-shard-00-01.aeg89es.mongodb.net:27017, type=UNKNOWN, state=CONNECTING, exception={com.mongodb.MongoSocketWriteException: Exception sending message}, caused by {javax.net.ssl.SSLException: Received fatal alert: internal_error}}, {address=ac-vellxrk-shard-00-02.aeg89es.mongodb.net:27017, type=UNKNOWN, state=CONNECTING, exception={com.mongodb.MongoSocketWriteException: Exception sending message}, caused by {javax.net.ssl.SSLException: Received fatal alert: internal_error}}, {address=ac-vellxrk-shard-00-00.aeg89es.mongodb.net:27017, type=UNKNOWN, state=CONNECTING, exception={com.mongodb.MongoSocketWriteException: Exception sending message}, caused by {javax.net.ssl.SSLException: Received fatal alert: internal_error}}]; nested exception is com.mongodb.MongoTimeoutException: Timed out after 30000 ms while waiting for a server that matches com.mongodb.client.internal.MongoClientDelegate$1@1f949ab9. Client view of cluster state is {type=REPLICA_SET, servers=[{address=ac-vellxrk-shard-00-01.aeg89es.mongodb.net:27017, type=UNKNOWN, state=CONNECTING, exception={com.mongodb.MongoSocketWriteException: Exception sending message}, caused by {javax.net.ssl.SSLException: Received fatal alert: internal_error}}, {address=ac-vellxrk-shard-00-02.aeg89es.mongodb.net:27017, type=UNKNOWN, state=CONNECTING, exception={com.mongodb.MongoSocketWriteException: Exception sending message}, caused by {javax.net.ssl.SSLException: Received fatal alert: internal_error}}, {address=ac-vellxrk-shard-00-00.aeg89es.mongodb.net:27017, type=UNKNOWN, state=CONNECTING, exception={com.mongodb.MongoSocketWriteException: Exception sending message}, caused by {javax.net.ssl.SSLException: Received fatal alert: internal_error}}]
	at org.springframework.beans.factory.annotation.AutowiredAnnotationBeanPostProcessor$AutowiredFieldElement.resolveFieldValue(AutowiredAnnotationBeanPostProcessor.java:713)
	at org.springframework.beans.factory.annotation.AutowiredAnnotationBeanPostProcessor$AutowiredFieldElement.inject(AutowiredAnnotationBeanPostProcessor.java:693)
	at org.springframework.beans.factory.annotation.InjectionMetadata.inject(InjectionMetadata.java:119)
	at org.springframework.beans.factory.annotation.AutowiredAnnotationBeanPostProcessor.postProcessProperties(AutowiredAnnotationBeanPostProcessor.java:408)
	at org.springframework.beans.factory.support.AbstractAutowireCapableBeanFactory.populateBean(AbstractAutowireCapableBeanFactory.java:1431)
	at org.springframework.beans.factory.support.AbstractAutowireCapableBeanFactory.doCreateBean(AbstractAutowireCapableBeanFactory.java:619)
	at org.springframework.beans.factory.support.AbstractAutowireCapableBeanFactory.createBean(AbstractAutowireCapableBeanFactory.java:542)
	at org.springframework.beans.factory.support.AbstractBeanFactory.lambda$doGetBean$0(AbstractBeanFactory.java:335)
	at org.springframework.beans.factory.support.DefaultSingletonBeanRegistry.getSingleton(DefaultSingletonBeanRegistry.java:234)
	at org.springframework.beans.factory.support.AbstractBeanFactory.doGetBean(AbstractBeanFactory.java:333)
	at org.springframework.beans.factory.support.AbstractBeanFactory.getBean(AbstractBeanFactory.java:208)
	at org.springframework.beans.factory.config.DependencyDescriptor.resolveCandidate(DependencyDescriptor.java:276)
	at org.springframework.beans.factory.support.DefaultListableBeanFactory.doResolveDependency(DefaultListableBeanFactory.java:1391)
	at org.springframework.beans.factory.support.DefaultListableBeanFactory.resolveDependency(DefaultListableBeanFactory.java:1311)
	at org.springframework.beans.factory.annotation.AutowiredAnnotationBeanPostProcessor$AutowiredFieldElement.resolveFieldValue(AutowiredAnnotationBeanPostProcessor.java:710)
	... 131 common frames omitted
Caused by: org.springframework.beans.factory.BeanCreationException: Error creating bean with name 'userRepository' defined in com.example.demo.repository.UserRepository defined in @EnableMongoRepositories declared on MongoRepositoriesRegistrar.EnableMongoRepositoriesConfiguration: Cannot resolve reference to bean 'mongoTemplate' while setting bean property 'mongoOperations'; nested exception is org.springframework.beans.factory.BeanCreationException: Error creating bean with name 'mongoTemplate' defined in class path resource [org/springframework/boot/autoconfigure/data/mongo/MongoDatabaseFactoryDependentConfiguration.class]: Bean instantiation via factory method failed; nested exception is org.springframework.beans.BeanInstantiationException: Failed to instantiate [org.springframework.data.mongodb.core.MongoTemplate]: Factory method 'mongoTemplate' threw exception; nested exception is org.springframework.dao.DataAccessResourceFailureException: Timed out after 30000 ms while waiting for a server that matches com.mongodb.client.internal.MongoClientDelegate$1@1f949ab9. Client view of cluster state is {type=REPLICA_SET, servers=[{address=ac-vellxrk-shard-00-01.aeg89es.mongodb.net:27017, type=UNKNOWN, state=CONNECTING, exception={com.mongodb.MongoSocketWriteException: Exception sending message}, caused by {javax.net.ssl.SSLException: Received fatal alert: internal_error}}, {address=ac-vellxrk-shard-00-02.aeg89es.mongodb.net:27017, type=UNKNOWN, state=CONNECTING, exception={com.mongodb.MongoSocketWriteException: Exception sending message}, caused by {javax.net.ssl.SSLException: Received fatal alert: internal_error}}, {address=ac-vellxrk-shard-00-00.aeg89es.mongodb.net:27017, type=UNKNOWN, state=CONNECTING, exception={com.mongodb.MongoSocketWriteException: Exception sending message}, caused by {javax.net.ssl.SSLException: Received fatal alert: internal_error}}]; nested exception is com.mongodb.MongoTimeoutException: Timed out after 30000 ms while waiting for a server that matches com.mongodb.client.internal.MongoClientDelegate$1@1f949ab9. Client view of cluster state is {type=REPLICA_SET, servers=[{address=ac-vellxrk-shard-00-01.aeg89es.mongodb.net:27017, type=UNKNOWN, state=CONNECTING, exception={com.mongodb.MongoSocketWriteException: Exception sending message}, caused by {javax.net.ssl.SSLException: Received fatal alert: internal_error}}, {address=ac-vellxrk-shard-00-02.aeg89es.mongodb.net:27017, type=UNKNOWN, state=CONNECTING, exception={com.mongodb.MongoSocketWriteException: Exception sending message}, caused by {javax.net.ssl.SSLException: Received fatal alert: internal_error}}, {address=ac-vellxrk-shard-00-00.aeg89es.mongodb.net:27017, type=UNKNOWN, state=CONNECTING, exception={com.mongodb.MongoSocketWriteException: Exception sending message}, caused by {javax.net.ssl.SSLException: Received fatal alert: internal_error}}]
	at org.springframework.beans.factory.support.BeanDefinitionValueResolver.resolveReference(BeanDefinitionValueResolver.java:342)
	at org.springframework.beans.factory.support.BeanDefinitionValueResolver.resolveValueIfNecessary(BeanDefinitionValueResolver.java:113)
	at org.springframework.beans.factory.support.AbstractAutowireCapableBeanFactory.applyPropertyValues(AbstractAutowireCapableBeanFactory.java:1707)
	at org.springframework.beans.factory.support.AbstractAutowireCapableBeanFactory.populateBean(AbstractAutowireCapableBeanFactory.java:1452)
	at org.springframework.beans.factory.support.AbstractAutowireCapableBeanFactory.doCreateBean(AbstractAutowireCapableBeanFactory.java:619)
	at org.springframework.beans.factory.support.AbstractAutowireCapableBeanFactory.createBean(AbstractAutowireCapableBeanFactory.java:542)
	at org.springframework.beans.factory.support.AbstractBeanFactory.lambda$doGetBean$0(AbstractBeanFactory.java:335)
	at org.springframework.beans.factory.support.DefaultSingletonBeanRegistry.getSingleton(DefaultSingletonBeanRegistry.java:234)
	at org.springframework.beans.factory.support.AbstractBeanFactory.doGetBean(AbstractBeanFactory.java:333)
	at org.springframework.beans.factory.support.AbstractBeanFactory.getBean(AbstractBeanFactory.java:208)
	at org.springframework.beans.factory.config.DependencyDescriptor.resolveCandidate(DependencyDescriptor.java:276)
	at org.springframework.beans.factory.support.DefaultListableBeanFactory.doResolveDependency(DefaultListableBeanFactory.java:1391)
	at org.springframework.beans.factory.support.DefaultListableBeanFactory.resolveDependency(DefaultListableBeanFactory.java:1311)
	at org.springframework.beans.factory.annotation.AutowiredAnnotationBeanPostProcessor$AutowiredFieldElement.resolveFieldValue(AutowiredAnnotationBeanPostProcessor.java:710)
	... 145 common frames omitted
Caused by: org.springframework.beans.factory.BeanCreationException: Error creating bean with name 'mongoTemplate' defined in class path resource [org/springframework/boot/autoconfigure/data/mongo/MongoDatabaseFactoryDependentConfiguration.class]: Bean instantiation via factory method failed; nested exception is org.springframework.beans.BeanInstantiationException: Failed to instantiate [org.springframework.data.mongodb.core.MongoTemplate]: Factory method 'mongoTemplate' threw exception; nested exception is org.springframework.dao.DataAccessResourceFailureException: Timed out after 30000 ms while waiting for a server that matches com.mongodb.client.internal.MongoClientDelegate$1@1f949ab9. Client view of cluster state is {type=REPLICA_SET, servers=[{address=ac-vellxrk-shard-00-01.aeg89es.mongodb.net:27017, type=UNKNOWN, state=CONNECTING, exception={com.mongodb.MongoSocketWriteException: Exception sending message}, caused by {javax.net.ssl.SSLException: Received fatal alert: internal_error}}, {address=ac-vellxrk-shard-00-02.aeg89es.mongodb.net:27017, type=UNKNOWN, state=CONNECTING, exception={com.mongodb.MongoSocketWriteException: Exception sending message}, caused by {javax.net.ssl.SSLException: Received fatal alert: internal_error}}, {address=ac-vellxrk-shard-00-00.aeg89es.mongodb.net:27017, type=UNKNOWN, state=CONNECTING, exception={com.mongodb.MongoSocketWriteException: Exception sending message}, caused by {javax.net.ssl.SSLException: Received fatal alert: internal_error}}]; nested exception is com.mongodb.MongoTimeoutException: Timed out after 30000 ms while waiting for a server that matches com.mongodb.client.internal.MongoClientDelegate$1@1f949ab9. Client view of cluster state is {type=REPLICA_SET, servers=[{address=ac-vellxrk-shard-00-01.aeg89es.mongodb.net:27017, type=UNKNOWN, state=CONNECTING, exception={com.mongodb.MongoSocketWriteException: Exception sending message}, caused by {javax.net.ssl.SSLException: Received fatal alert: internal_error}}, {address=ac-vellxrk-shard-00-02.aeg89es.mongodb.net:27017, type=UNKNOWN, state=CONNECTING, exception={com.mongodb.MongoSocketWriteException: Exception sending message}, caused by {javax.net.ssl.SSLException: Received fatal alert: internal_error}}, {address=ac-vellxrk-shard-00-00.aeg89es.mongodb.net:27017, type=UNKNOWN, state=CONNECTING, exception={com.mongodb.MongoSocketWriteException: Exception sending message}, caused by {javax.net.ssl.SSLException: Received fatal alert: internal_error}}]
	at org.springframework.beans.factory.support.ConstructorResolver.instantiate(ConstructorResolver.java:653)
	at org.springframework.beans.factory.support.ConstructorResolver.instantiateUsingFactoryMethod(ConstructorResolver.java:633)
	at org.springframework.beans.factory.support.AbstractAutowireCapableBeanFactory.instantiateUsingFactoryMethod(AbstractAutowireCapableBeanFactory.java:1352)
	at org.springframework.beans.factory.support.AbstractAutowireCapableBeanFactory.createBeanInstance(AbstractAutowireCapableBeanFactory.java:1195)
	at org.springframework.beans.factory.support.AbstractAutowireCapableBeanFactory.doCreateBean(AbstractAutowireCapableBeanFactory.java:582)
	at org.springframework.beans.factory.support.AbstractAutowireCapableBeanFactory.createBean(AbstractAutowireCapableBeanFactory.java:542)
	at org.springframework.beans.factory.support.AbstractBeanFactory.lambda$doGetBean$0(AbstractBeanFactory.java:335)
	at org.springframework.beans.factory.support.DefaultSingletonBeanRegistry.getSingleton(DefaultSingletonBeanRegistry.java:234)
	at org.springframework.beans.factory.support.AbstractBeanFactory.doGetBean(AbstractBeanFactory.java:333)
	at org.springframework.beans.factory.support.AbstractBeanFactory.getBean(AbstractBeanFactory.java:208)
	at org.springframework.beans.factory.support.BeanDefinitionValueResolver.resolveReference(BeanDefinitionValueResolver.java:330)
	... 158 common frames omitted
Caused by: org.springframework.beans.BeanInstantiationException: Failed to instantiate [org.springframework.data.mongodb.core.MongoTemplate]: Factory method 'mongoTemplate' threw exception; nested exception is org.springframework.dao.DataAccessResourceFailureException: Timed out after 30000 ms while waiting for a server that matches com.mongodb.client.internal.MongoClientDelegate$1@1f949ab9. Client view of cluster state is {type=REPLICA_SET, servers=[{address=ac-vellxrk-shard-00-01.aeg89es.mongodb.net:27017, type=UNKNOWN, state=CONNECTING, exception={com.mongodb.MongoSocketWriteException: Exception sending message}, caused by {javax.net.ssl.SSLException: Received fatal alert: internal_error}}, {address=ac-vellxrk-shard-00-02.aeg89es.mongodb.net:27017, type=UNKNOWN, state=CONNECTING, exception={com.mongodb.MongoSocketWriteException: Exception sending message}, caused by {javax.net.ssl.SSLException: Received fatal alert: internal_error}}, {address=ac-vellxrk-shard-00-00.aeg89es.mongodb.net:27017, type=UNKNOWN, state=CONNECTING, exception={com.mongodb.MongoSocketWriteException: Exception sending message}, caused by {javax.net.ssl.SSLException: Received fatal alert: internal_error}}]; nested exception is com.mongodb.MongoTimeoutException: Timed out after 30000 ms while waiting for a server that matches com.mongodb.client.internal.MongoClientDelegate$1@1f949ab9. Client view of cluster state is {type=REPLICA_SET, servers=[{address=ac-vellxrk-shard-00-01.aeg89es.mongodb.net:27017, type=UNKNOWN, state=CONNECTING, exception={com.mongodb.MongoSocketWriteException: Exception sending message}, caused by {javax.net.ssl.SSLException: Received fatal alert: internal_error}}, {address=ac-vellxrk-shard-00-02.aeg89es.mongodb.net:27017, type=UNKNOWN, state=CONNECTING, exception={com.mongodb.MongoSocketWriteException: Exception sending message}, caused by {javax.net.ssl.SSLException: Received fatal alert: internal_error}}, {address=ac-vellxrk-shard-00-00.aeg89es.mongodb.net:27017, type=UNKNOWN, state=CONNECTING, exception={com.mongodb.MongoSocketWriteException: Exception sending message}, caused by {javax.net.ssl.SSLException: Received fatal alert: internal_error}}]
	at org.springframework.beans.factory.support.SimpleInstantiationStrategy.instantiate(SimpleInstantiationStrategy.java:185)
	at org.springframework.beans.factory.support.ConstructorResolver.instantiate(ConstructorResolver.java:648)
	... 168 common frames omitted
Caused by: org.springframework.dao.DataAccessResourceFailureException: Timed out after 30000 ms while waiting for a server that matches com.mongodb.client.internal.MongoClientDelegate$1@1f949ab9. Client view of cluster state is {type=REPLICA_SET, servers=[{address=ac-vellxrk-shard-00-01.aeg89es.mongodb.net:27017, type=UNKNOWN, state=CONNECTING, exception={com.mongodb.MongoSocketWriteException: Exception sending message}, caused by {javax.net.ssl.SSLException: Received fatal alert: internal_error}}, {address=ac-vellxrk-shard-00-02.aeg89es.mongodb.net:27017, type=UNKNOWN, state=CONNECTING, exception={com.mongodb.MongoSocketWriteException: Exception sending message}, caused by {javax.net.ssl.SSLException: Received fatal alert: internal_error}}, {address=ac-vellxrk-shard-00-00.aeg89es.mongodb.net:27017, type=UNKNOWN, state=CONNECTING, exception={com.mongodb.MongoSocketWriteException: Exception sending message}, caused by {javax.net.ssl.SSLException: Received fatal alert: internal_error}}]; nested exception is com.mongodb.MongoTimeoutException: Timed out after 30000 ms while waiting for a server that matches com.mongodb.client.internal.MongoClientDelegate$1@1f949ab9. Client view of cluster state is {type=REPLICA_SET, servers=[{address=ac-vellxrk-shard-00-01.aeg89es.mongodb.net:27017, type=UNKNOWN, state=CONNECTING, exception={com.mongodb.MongoSocketWriteException: Exception sending message}, caused by {javax.net.ssl.SSLException: Received fatal alert: internal_error}}, {address=ac-vellxrk-shard-00-02.aeg89es.mongodb.net:27017, type=UNKNOWN, state=CONNECTING, exception={com.mongodb.MongoSocketWriteException: Exception sending message}, caused by {javax.net.ssl.SSLException: Received fatal alert: internal_error}}, {address=ac-vellxrk-shard-00-00.aeg89es.mongodb.net:27017, type=UNKNOWN, state=CONNECTING, exception={com.mongodb.MongoSocketWriteException: Exception sending message}, caused by {javax.net.ssl.SSLException: Received fatal alert: internal_error}}]
	at org.springframework.data.mongodb.core.MongoExceptionTranslator.translateExceptionIfPossible(MongoExceptionTranslator.java:95)
	at org.springframework.data.mongodb.core.MongoTemplate.potentiallyConvertRuntimeException(MongoTemplate.java:3029)
	at org.springframework.data.mongodb.core.MongoTemplate.execute(MongoTemplate.java:581)
	at org.springframework.data.mongodb.core.DefaultIndexOperations.execute(DefaultIndexOperations.java:215)
	at org.springframework.data.mongodb.core.DefaultIndexOperations.ensureIndex(DefaultIndexOperations.java:121)
	at org.springframework.data.mongodb.core.index.MongoPersistentEntityIndexCreator.createIndex(MongoPersistentEntityIndexCreator.java:157)
	at org.springframework.data.mongodb.core.index.MongoPersistentEntityIndexCreator.checkForAndCreateIndexes(MongoPersistentEntityIndexCreator.java:147)
	at org.springframework.data.mongodb.core.index.MongoPersistentEntityIndexCreator.checkForIndexes(MongoPersistentEntityIndexCreator.java:131)
	at org.springframework.data.mongodb.core.index.MongoPersistentEntityIndexCreator.<init>(MongoPersistentEntityIndexCreator.java:96)
	at org.springframework.data.mongodb.core.index.MongoPersistentEntityIndexCreator.<init>(MongoPersistentEntityIndexCreator.java:73)
	at org.springframework.data.mongodb.core.MongoTemplate.<init>(MongoTemplate.java:224)
	at org.springframework.boot.autoconfigure.data.mongo.MongoDatabaseFactoryDependentConfiguration.mongoTemplate(MongoDatabaseFactoryDependentConfiguration.java:63)
	at java.base/jdk.internal.reflect.NativeMethodAccessorImpl.invoke0(Native Method)
	at java.base/jdk.internal.reflect.NativeMethodAccessorImpl.invoke(NativeMethodAccessorImpl.java:62)
	at java.base/jdk.internal.reflect.DelegatingMethodAccessorImpl.invoke(DelegatingMethodAccessorImpl.java:43)
	at java.base/java.lang.reflect.Method.invoke(Method.java:566)
	at org.springframework.beans.factory.support.SimpleInstantiationStrategy.instantiate(SimpleInstantiationStrategy.java:154)
	... 169 common frames omitted
Caused by: com.mongodb.MongoTimeoutException: Timed out after 30000 ms while waiting for a server that matches com.mongodb.client.internal.MongoClientDelegate$1@1f949ab9. Client view of cluster state is {type=REPLICA_SET, servers=[{address=ac-vellxrk-shard-00-01.aeg89es.mongodb.net:27017, type=UNKNOWN, state=CONNECTING, exception={com.mongodb.MongoSocketWriteException: Exception sending message}, caused by {javax.net.ssl.SSLException: Received fatal alert: internal_error}}, {address=ac-vellxrk-shard-00-02.aeg89es.mongodb.net:27017, type=UNKNOWN, state=CONNECTING, exception={com.mongodb.MongoSocketWriteException: Exception sending message}, caused by {javax.net.ssl.SSLException: Received fatal alert: internal_error}}, {address=ac-vellxrk-shard-00-00.aeg89es.mongodb.net:27017, type=UNKNOWN, state=CONNECTING, exception={com.mongodb.MongoSocketWriteException: Exception sending message}, caused by {javax.net.ssl.SSLException: Received fatal alert: internal_error}}]
	at com.mongodb.internal.connection.BaseCluster.createTimeoutException(BaseCluster.java:424)
	at com.mongodb.internal.connection.BaseCluster.selectServer(BaseCluster.java:121)
	at com.mongodb.internal.connection.AbstractMultiServerCluster.selectServer(AbstractMultiServerCluster.java:50)
	at com.mongodb.client.internal.MongoClientDelegate.getConnectedClusterDescription(MongoClientDelegate.java:146)
	at com.mongodb.client.internal.MongoClientDelegate.createClientSession(MongoClientDelegate.java:101)
	at com.mongodb.client.internal.MongoClientDelegate$DelegateOperationExecutor.getClientSession(MongoClientDelegate.java:291)
	at com.mongodb.client.internal.MongoClientDelegate$DelegateOperationExecutor.execute(MongoClientDelegate.java:207)
	at com.mongodb.client.internal.MongoCollectionImpl.executeCreateIndexes(MongoCollectionImpl.java:848)
	at com.mongodb.client.internal.MongoCollectionImpl.createIndexes(MongoCollectionImpl.java:831)
	at com.mongodb.client.internal.MongoCollectionImpl.createIndexes(MongoCollectionImpl.java:826)
	at com.mongodb.client.internal.MongoCollectionImpl.createIndex(MongoCollectionImpl.java:811)
	at org.springframework.data.mongodb.core.DefaultIndexOperations.lambda$ensureIndex$0(DefaultIndexOperations.java:131)
	at org.springframework.data.mongodb.core.MongoTemplate.execute(MongoTemplate.java:579)
	... 183 common frames omitted
21:13:16.888 [main] INFO  c.e.demo.service.UserServiceTests - Starting UserServiceTests using Java 11.0.20 on NIMBUS with PID 17016 (started by Nida in D:\MY_STUDY\springtut\demoooo\demo)
21:13:16.888 [main] DEBUG c.e.demo.service.UserServiceTests - Running with Spring Boot v2.7.16, Spring v5.3.30
21:13:16.888 [main] INFO  c.e.demo.service.UserServiceTests - No active profile set, falling back to 1 default profile: "default"
21:13:17.094 [main] INFO  o.s.d.r.c.RepositoryConfigurationDelegate - Bootstrapping Spring Data MongoDB repositories in DEFAULT mode.
21:13:17.112 [main] INFO  o.s.d.r.c.RepositoryConfigurationDelegate - Finished Spring Data repository scanning in 17 ms. Found 2 MongoDB repository interfaces.
21:13:17.412 [main] INFO  org.mongodb.driver.client - MongoClient with metadata {"driver": {"name": "mongo-java-driver|sync|spring-boot", "version": "4.6.1"}, "os": {"type": "Windows", "name": "Windows 11", "architecture": "amd64", "version": "10.0"}, "platform": "Java/Oracle Corporation/11.0.20+9-LTS-256", "application": {"name": "Cluster0"}} created with settings MongoClientSettings{readPreference=primary, writeConcern=WriteConcern{w=majority, wTimeout=null ms, journal=null}, retryWrites=true, retryReads=true, readConcern=ReadConcern{level=null}, credential=MongoCredential{mechanism=null, userName='rnidaanjum71', source='admin', password=<hidden>, mechanismProperties=<hidden>}, streamFactoryFactory=null, commandListeners=[], codecRegistry=ProvidersCodecRegistry{codecProviders=[ValueCodecProvider{}, BsonValueCodecProvider{}, DBRefCodecProvider{}, DBObjectCodecProvider{}, DocumentCodecProvider{}, IterableCodecProvider{}, MapCodecProvider{}, GeoJsonCodecProvider{}, GridFSFileCodecProvider{}, Jsr310CodecProvider{}, JsonObjectCodecProvider{}, BsonCodecProvider{}, EnumCodecProvider{}, com.mongodb.Jep395RecordCodecProvider@4bb1b96b]}, clusterSettings={hosts=[127.0.0.1:27017], srvHost=cluster0.aeg89es.mongodb.net, srvServiceName=mongodb, mode=MULTIPLE, requiredClusterType=REPLICA_SET, requiredReplicaSetName='atlas-n4jla1-shard-0', serverSelector='null', clusterListeners='[]', serverSelectionTimeout='30000 ms', localThreshold='30000 ms'}, socketSettings=SocketSettings{connectTimeoutMS=10000, readTimeoutMS=0, receiveBufferSize=0, sendBufferSize=0}, heartbeatSocketSettings=SocketSettings{connectTimeoutMS=10000, readTimeoutMS=10000, receiveBufferSize=0, sendBufferSize=0}, connectionPoolSettings=ConnectionPoolSettings{maxSize=100, minSize=0, maxWaitTimeMS=120000, maxConnectionLifeTimeMS=0, maxConnectionIdleTimeMS=0, maintenanceInitialDelayMS=0, maintenanceFrequencyMS=60000, connectionPoolListeners=[], maxConnecting=2}, serverSettings=ServerSettings{heartbeatFrequencyMS=10000, minHeartbeatFrequencyMS=500, serverListeners='[]', serverMonitorListeners='[]'}, sslSettings=SslSettings{enabled=true, invalidHostNameAllowed=false, context=null}, applicationName='Cluster0', compressorList=[], uuidRepresentation=JAVA_LEGACY, serverApi=null, autoEncryptionSettings=null, contextProvider=null}
21:13:17.457 [cluster-ClusterId{value='6813969504173b666fd09a46', description='null'}-srv-cluster0.aeg89es.mongodb.net] INFO  org.mongodb.driver.cluster - Adding discovered server ac-vellxrk-shard-00-00.aeg89es.mongodb.net:27017 to client view of cluster
21:13:17.461 [cluster-ClusterId{value='6813969504173b666fd09a46', description='null'}-srv-cluster0.aeg89es.mongodb.net] INFO  org.mongodb.driver.cluster - Adding discovered server ac-vellxrk-shard-00-01.aeg89es.mongodb.net:27017 to client view of cluster
21:13:17.461 [cluster-ClusterId{value='6813969504173b666fd09a46', description='null'}-srv-cluster0.aeg89es.mongodb.net] INFO  org.mongodb.driver.cluster - Adding discovered server ac-vellxrk-shard-00-02.aeg89es.mongodb.net:27017 to client view of cluster
21:13:17.469 [main] INFO  org.mongodb.driver.cluster - No server chosen by com.mongodb.client.internal.MongoClientDelegate$1@892af0e from cluster description ClusterDescription{type=REPLICA_SET, connectionMode=MULTIPLE, serverDescriptions=[ServerDescription{address=ac-vellxrk-shard-00-01.aeg89es.mongodb.net:27017, type=UNKNOWN, state=CONNECTING}, ServerDescription{address=ac-vellxrk-shard-00-02.aeg89es.mongodb.net:27017, type=UNKNOWN, state=CONNECTING}, ServerDescription{address=ac-vellxrk-shard-00-00.aeg89es.mongodb.net:27017, type=UNKNOWN, state=CONNECTING}]}. Waiting for 30000 ms before timing out
21:13:17.705 [cluster-ClusterId{value='6813969504173b666fd09a46', description='null'}-ac-vellxrk-shard-00-02.aeg89es.mongodb.net:27017] INFO  org.mongodb.driver.cluster - Exception in monitor thread while connecting to server ac-vellxrk-shard-00-02.aeg89es.mongodb.net:27017
com.mongodb.MongoSocketWriteException: Exception sending message
	at com.mongodb.internal.connection.InternalStreamConnection.translateWriteException(InternalStreamConnection.java:684)
	at com.mongodb.internal.connection.InternalStreamConnection.sendMessage(InternalStreamConnection.java:555)
	at com.mongodb.internal.connection.InternalStreamConnection.sendCommandMessage(InternalStreamConnection.java:381)
	at com.mongodb.internal.connection.InternalStreamConnection.sendAndReceive(InternalStreamConnection.java:329)
	at com.mongodb.internal.connection.CommandHelper.sendAndReceive(CommandHelper.java:101)
	at com.mongodb.internal.connection.CommandHelper.executeCommand(CommandHelper.java:45)
	at com.mongodb.internal.connection.InternalStreamConnectionInitializer.initializeConnectionDescription(InternalStreamConnectionInitializer.java:131)
	at com.mongodb.internal.connection.InternalStreamConnectionInitializer.startHandshake(InternalStreamConnectionInitializer.java:73)
	at com.mongodb.internal.connection.InternalStreamConnection.open(InternalStreamConnection.java:182)
	at com.mongodb.internal.connection.DefaultServerMonitor$ServerMonitorRunnable.lookupServerDescription(DefaultServerMonitor.java:193)
	at com.mongodb.internal.connection.DefaultServerMonitor$ServerMonitorRunnable.run(DefaultServerMonitor.java:157)
	at java.base/java.lang.Thread.run(Thread.java:834)
Caused by: javax.net.ssl.SSLException: Received fatal alert: internal_error
	at java.base/sun.security.ssl.Alert.createSSLException(Alert.java:133)
	at java.base/sun.security.ssl.Alert.createSSLException(Alert.java:117)
	at java.base/sun.security.ssl.TransportContext.fatal(TransportContext.java:363)
	at java.base/sun.security.ssl.Alert$AlertConsumer.consume(Alert.java:293)
	at java.base/sun.security.ssl.TransportContext.dispatch(TransportContext.java:202)
	at java.base/sun.security.ssl.SSLTransport.decode(SSLTransport.java:172)
	at java.base/sun.security.ssl.SSLSocketImpl.decode(SSLSocketImpl.java:1383)
	at java.base/sun.security.ssl.SSLSocketImpl.readHandshakeRecord(SSLSocketImpl.java:1296)
	at java.base/sun.security.ssl.SSLSocketImpl.startHandshake(SSLSocketImpl.java:416)
	at java.base/sun.security.ssl.SSLSocketImpl.ensureNegotiated(SSLSocketImpl.java:835)
	at java.base/sun.security.ssl.SSLSocketImpl$AppOutputStream.write(SSLSocketImpl.java:1201)
	at com.mongodb.internal.connection.SocketStream.write(SocketStream.java:99)
	at com.mongodb.internal.connection.InternalStreamConnection.sendMessage(InternalStreamConnection.java:552)
	... 10 common frames omitted
21:13:17.749 [cluster-ClusterId{value='6813969504173b666fd09a46', description='null'}-ac-vellxrk-shard-00-01.aeg89es.mongodb.net:27017] INFO  org.mongodb.driver.cluster - Exception in monitor thread while connecting to server ac-vellxrk-shard-00-01.aeg89es.mongodb.net:27017
com.mongodb.MongoSocketWriteException: Exception sending message
	at com.mongodb.internal.connection.InternalStreamConnection.translateWriteException(InternalStreamConnection.java:684)
	at com.mongodb.internal.connection.InternalStreamConnection.sendMessage(InternalStreamConnection.java:555)
	at com.mongodb.internal.connection.InternalStreamConnection.sendCommandMessage(InternalStreamConnection.java:381)
	at com.mongodb.internal.connection.InternalStreamConnection.sendAndReceive(InternalStreamConnection.java:329)
	at com.mongodb.internal.connection.CommandHelper.sendAndReceive(CommandHelper.java:101)
	at com.mongodb.internal.connection.CommandHelper.executeCommand(CommandHelper.java:45)
	at com.mongodb.internal.connection.InternalStreamConnectionInitializer.initializeConnectionDescription(InternalStreamConnectionInitializer.java:131)
	at com.mongodb.internal.connection.InternalStreamConnectionInitializer.startHandshake(InternalStreamConnectionInitializer.java:73)
	at com.mongodb.internal.connection.InternalStreamConnection.open(InternalStreamConnection.java:182)
	at com.mongodb.internal.connection.DefaultServerMonitor$ServerMonitorRunnable.lookupServerDescription(DefaultServerMonitor.java:193)
	at com.mongodb.internal.connection.DefaultServerMonitor$ServerMonitorRunnable.run(DefaultServerMonitor.java:157)
	at java.base/java.lang.Thread.run(Thread.java:834)
Caused by: javax.net.ssl.SSLException: Received fatal alert: internal_error
	at java.base/sun.security.ssl.Alert.createSSLException(Alert.java:133)
	at java.base/sun.security.ssl.Alert.createSSLException(Alert.java:117)
	at java.base/sun.security.ssl.TransportContext.fatal(TransportContext.java:363)
	at java.base/sun.security.ssl.Alert$AlertConsumer.consume(Alert.java:293)
	at java.base/sun.security.ssl.TransportContext.dispatch(TransportContext.java:202)
	at java.base/sun.security.ssl.SSLTransport.decode(SSLTransport.java:172)
	at java.base/sun.security.ssl.SSLSocketImpl.decode(SSLSocketImpl.java:1383)
	at java.base/sun.security.ssl.SSLSocketImpl.readHandshakeRecord(SSLSocketImpl.java:1296)
	at java.base/sun.security.ssl.SSLSocketImpl.startHandshake(SSLSocketImpl.java:416)
	at java.base/sun.security.ssl.SSLSocketImpl.ensureNegotiated(SSLSocketImpl.java:835)
	at java.base/sun.security.ssl.SSLSocketImpl$AppOutputStream.write(SSLSocketImpl.java:1201)
	at com.mongodb.internal.connection.SocketStream.write(SocketStream.java:99)
	at com.mongodb.internal.connection.InternalStreamConnection.sendMessage(InternalStreamConnection.java:552)
	... 10 common frames omitted
21:13:17.750 [cluster-ClusterId{value='6813969504173b666fd09a46', description='null'}-ac-vellxrk-shard-00-00.aeg89es.mongodb.net:27017] INFO  org.mongodb.driver.cluster - Exception in monitor thread while connecting to server ac-vellxrk-shard-00-00.aeg89es.mongodb.net:27017
com.mongodb.MongoSocketWriteException: Exception sending message
	at com.mongodb.internal.connection.InternalStreamConnection.translateWriteException(InternalStreamConnection.java:684)
	at com.mongodb.internal.connection.InternalStreamConnection.sendMessage(InternalStreamConnection.java:555)
	at com.mongodb.internal.connection.InternalStreamConnection.sendCommandMessage(InternalStreamConnection.java:381)
	at com.mongodb.internal.connection.InternalStreamConnection.sendAndReceive(InternalStreamConnection.java:329)
	at com.mongodb.internal.connection.CommandHelper.sendAndReceive(CommandHelper.java:101)
	at com.mongodb.internal.connection.CommandHelper.executeCommand(CommandHelper.java:45)
	at com.mongodb.internal.connection.InternalStreamConnectionInitializer.initializeConnectionDescription(InternalStreamConnectionInitializer.java:131)
	at com.mongodb.internal.connection.InternalStreamConnectionInitializer.startHandshake(InternalStreamConnectionInitializer.java:73)
	at com.mongodb.internal.connection.InternalStreamConnection.open(InternalStreamConnection.java:182)
	at com.mongodb.internal.connection.DefaultServerMonitor$ServerMonitorRunnable.lookupServerDescription(DefaultServerMonitor.java:193)
	at com.mongodb.internal.connection.DefaultServerMonitor$ServerMonitorRunnable.run(DefaultServerMonitor.java:157)
	at java.base/java.lang.Thread.run(Thread.java:834)
Caused by: javax.net.ssl.SSLException: Received fatal alert: internal_error
	at java.base/sun.security.ssl.Alert.createSSLException(Alert.java:133)
	at java.base/sun.security.ssl.Alert.createSSLException(Alert.java:117)
	at java.base/sun.security.ssl.TransportContext.fatal(TransportContext.java:363)
	at java.base/sun.security.ssl.Alert$AlertConsumer.consume(Alert.java:293)
	at java.base/sun.security.ssl.TransportContext.dispatch(TransportContext.java:202)
	at java.base/sun.security.ssl.SSLTransport.decode(SSLTransport.java:172)
	at java.base/sun.security.ssl.SSLSocketImpl.decode(SSLSocketImpl.java:1383)
	at java.base/sun.security.ssl.SSLSocketImpl.readHandshakeRecord(SSLSocketImpl.java:1296)
	at java.base/sun.security.ssl.SSLSocketImpl.startHandshake(SSLSocketImpl.java:416)
	at java.base/sun.security.ssl.SSLSocketImpl.ensureNegotiated(SSLSocketImpl.java:835)
	at java.base/sun.security.ssl.SSLSocketImpl$AppOutputStream.write(SSLSocketImpl.java:1201)
	at com.mongodb.internal.connection.SocketStream.write(SocketStream.java:99)
	at com.mongodb.internal.connection.InternalStreamConnection.sendMessage(InternalStreamConnection.java:552)
	... 10 common frames omitted
21:13:47.476 [main] WARN  o.s.w.c.s.GenericWebApplicationContext - Exception encountered during context initialization - cancelling refresh attempt: org.springframework.beans.factory.UnsatisfiedDependencyException: Error creating bean with name 'springSecurity': Unsatisfied dependency expressed through field 'userDetailsService'; nested exception is org.springframework.beans.factory.UnsatisfiedDependencyException: Error creating bean with name 'userDetailsServiceImpl': Unsatisfied dependency expressed through field 'userRepository'; nested exception is org.springframework.beans.factory.BeanCreationException: Error creating bean with name 'userRepository' defined in com.example.demo.repository.UserRepository defined in @EnableMongoRepositories declared on MongoRepositoriesRegistrar.EnableMongoRepositoriesConfiguration: Cannot resolve reference to bean 'mongoTemplate' while setting bean property 'mongoOperations'; nested exception is org.springframework.beans.factory.BeanCreationException: Error creating bean with name 'mongoTemplate' defined in class path resource [org/springframework/boot/autoconfigure/data/mongo/MongoDatabaseFactoryDependentConfiguration.class]: Bean instantiation via factory method failed; nested exception is org.springframework.beans.BeanInstantiationException: Failed to instantiate [org.springframework.data.mongodb.core.MongoTemplate]: Factory method 'mongoTemplate' threw exception; nested exception is org.springframework.dao.DataAccessResourceFailureException: Timed out after 30000 ms while waiting for a server that matches com.mongodb.client.internal.MongoClientDelegate$1@892af0e. Client view of cluster state is {type=REPLICA_SET, servers=[{address=ac-vellxrk-shard-00-01.aeg89es.mongodb.net:27017, type=UNKNOWN, state=CONNECTING, exception={com.mongodb.MongoSocketWriteException: Exception sending message}, caused by {javax.net.ssl.SSLException: Received fatal alert: internal_error}}, {address=ac-vellxrk-shard-00-02.aeg89es.mongodb.net:27017, type=UNKNOWN, state=CONNECTING, exception={com.mongodb.MongoSocketWriteException: Exception sending message}, caused by {javax.net.ssl.SSLException: Received fatal alert: internal_error}}, {address=ac-vellxrk-shard-00-00.aeg89es.mongodb.net:27017, type=UNKNOWN, state=CONNECTING, exception={com.mongodb.MongoSocketWriteException: Exception sending message}, caused by {javax.net.ssl.SSLException: Received fatal alert: internal_error}}]; nested exception is com.mongodb.MongoTimeoutException: Timed out after 30000 ms while waiting for a server that matches com.mongodb.client.internal.MongoClientDelegate$1@892af0e. Client view of cluster state is {type=REPLICA_SET, servers=[{address=ac-vellxrk-shard-00-01.aeg89es.mongodb.net:27017, type=UNKNOWN, state=CONNECTING, exception={com.mongodb.MongoSocketWriteException: Exception sending message}, caused by {javax.net.ssl.SSLException: Received fatal alert: internal_error}}, {address=ac-vellxrk-shard-00-02.aeg89es.mongodb.net:27017, type=UNKNOWN, state=CONNECTING, exception={com.mongodb.MongoSocketWriteException: Exception sending message}, caused by {javax.net.ssl.SSLException: Received fatal alert: internal_error}}, {address=ac-vellxrk-shard-00-00.aeg89es.mongodb.net:27017, type=UNKNOWN, state=CONNECTING, exception={com.mongodb.MongoSocketWriteException: Exception sending message}, caused by {javax.net.ssl.SSLException: Received fatal alert: internal_error}}]
21:13:47.486 [main] INFO  o.s.b.a.l.ConditionEvaluationReportLoggingListener - 

Error starting ApplicationContext. To display the conditions report re-run your application with 'debug' enabled.
21:13:47.498 [main] ERROR o.s.boot.SpringApplication - Application run failed
org.springframework.beans.factory.UnsatisfiedDependencyException: Error creating bean with name 'springSecurity': Unsatisfied dependency expressed through field 'userDetailsService'; nested exception is org.springframework.beans.factory.UnsatisfiedDependencyException: Error creating bean with name 'userDetailsServiceImpl': Unsatisfied dependency expressed through field 'userRepository'; nested exception is org.springframework.beans.factory.BeanCreationException: Error creating bean with name 'userRepository' defined in com.example.demo.repository.UserRepository defined in @EnableMongoRepositories declared on MongoRepositoriesRegistrar.EnableMongoRepositoriesConfiguration: Cannot resolve reference to bean 'mongoTemplate' while setting bean property 'mongoOperations'; nested exception is org.springframework.beans.factory.BeanCreationException: Error creating bean with name 'mongoTemplate' defined in class path resource [org/springframework/boot/autoconfigure/data/mongo/MongoDatabaseFactoryDependentConfiguration.class]: Bean instantiation via factory method failed; nested exception is org.springframework.beans.BeanInstantiationException: Failed to instantiate [org.springframework.data.mongodb.core.MongoTemplate]: Factory method 'mongoTemplate' threw exception; nested exception is org.springframework.dao.DataAccessResourceFailureException: Timed out after 30000 ms while waiting for a server that matches com.mongodb.client.internal.MongoClientDelegate$1@892af0e. Client view of cluster state is {type=REPLICA_SET, servers=[{address=ac-vellxrk-shard-00-01.aeg89es.mongodb.net:27017, type=UNKNOWN, state=CONNECTING, exception={com.mongodb.MongoSocketWriteException: Exception sending message}, caused by {javax.net.ssl.SSLException: Received fatal alert: internal_error}}, {address=ac-vellxrk-shard-00-02.aeg89es.mongodb.net:27017, type=UNKNOWN, state=CONNECTING, exception={com.mongodb.MongoSocketWriteException: Exception sending message}, caused by {javax.net.ssl.SSLException: Received fatal alert: internal_error}}, {address=ac-vellxrk-shard-00-00.aeg89es.mongodb.net:27017, type=UNKNOWN, state=CONNECTING, exception={com.mongodb.MongoSocketWriteException: Exception sending message}, caused by {javax.net.ssl.SSLException: Received fatal alert: internal_error}}]; nested exception is com.mongodb.MongoTimeoutException: Timed out after 30000 ms while waiting for a server that matches com.mongodb.client.internal.MongoClientDelegate$1@892af0e. Client view of cluster state is {type=REPLICA_SET, servers=[{address=ac-vellxrk-shard-00-01.aeg89es.mongodb.net:27017, type=UNKNOWN, state=CONNECTING, exception={com.mongodb.MongoSocketWriteException: Exception sending message}, caused by {javax.net.ssl.SSLException: Received fatal alert: internal_error}}, {address=ac-vellxrk-shard-00-02.aeg89es.mongodb.net:27017, type=UNKNOWN, state=CONNECTING, exception={com.mongodb.MongoSocketWriteException: Exception sending message}, caused by {javax.net.ssl.SSLException: Received fatal alert: internal_error}}, {address=ac-vellxrk-shard-00-00.aeg89es.mongodb.net:27017, type=UNKNOWN, state=CONNECTING, exception={com.mongodb.MongoSocketWriteException: Exception sending message}, caused by {javax.net.ssl.SSLException: Received fatal alert: internal_error}}]
	at org.springframework.beans.factory.annotation.AutowiredAnnotationBeanPostProcessor$AutowiredFieldElement.resolveFieldValue(AutowiredAnnotationBeanPostProcessor.java:713)
	at org.springframework.beans.factory.annotation.AutowiredAnnotationBeanPostProcessor$AutowiredFieldElement.inject(AutowiredAnnotationBeanPostProcessor.java:693)
	at org.springframework.beans.factory.annotation.InjectionMetadata.inject(InjectionMetadata.java:119)
	at org.springframework.beans.factory.annotation.AutowiredAnnotationBeanPostProcessor.postProcessProperties(AutowiredAnnotationBeanPostProcessor.java:408)
	at org.springframework.beans.factory.support.AbstractAutowireCapableBeanFactory.populateBean(AbstractAutowireCapableBeanFactory.java:1431)
	at org.springframework.beans.factory.support.AbstractAutowireCapableBeanFactory.doCreateBean(AbstractAutowireCapableBeanFactory.java:619)
	at org.springframework.beans.factory.support.AbstractAutowireCapableBeanFactory.createBean(AbstractAutowireCapableBeanFactory.java:542)
	at org.springframework.beans.factory.support.AbstractBeanFactory.lambda$doGetBean$0(AbstractBeanFactory.java:335)
	at org.springframework.beans.factory.support.DefaultSingletonBeanRegistry.getSingleton(DefaultSingletonBeanRegistry.java:234)
	at org.springframework.beans.factory.support.AbstractBeanFactory.doGetBean(AbstractBeanFactory.java:333)
	at org.springframework.beans.factory.support.AbstractBeanFactory.getBean(AbstractBeanFactory.java:208)
	at org.springframework.beans.factory.support.DefaultListableBeanFactory.preInstantiateSingletons(DefaultListableBeanFactory.java:955)
	at org.springframework.context.support.AbstractApplicationContext.finishBeanFactoryInitialization(AbstractApplicationContext.java:921)
	at org.springframework.context.support.AbstractApplicationContext.refresh(AbstractApplicationContext.java:583)
	at org.springframework.boot.SpringApplication.refresh(SpringApplication.java:731)
	at org.springframework.boot.SpringApplication.refreshContext(SpringApplication.java:408)
	at org.springframework.boot.SpringApplication.run(SpringApplication.java:307)
	at org.springframework.boot.test.context.SpringBootContextLoader.loadContext(SpringBootContextLoader.java:136)
	at org.springframework.test.context.cache.DefaultCacheAwareContextLoaderDelegate.loadContextInternal(DefaultCacheAwareContextLoaderDelegate.java:141)
	at org.springframework.test.context.cache.DefaultCacheAwareContextLoaderDelegate.loadContext(DefaultCacheAwareContextLoaderDelegate.java:90)
	at org.springframework.test.context.support.DefaultTestContext.getApplicationContext(DefaultTestContext.java:124)
	at org.springframework.test.context.web.ServletTestExecutionListener.setUpRequestContextIfNecessary(ServletTestExecutionListener.java:190)
	at org.springframework.test.context.web.ServletTestExecutionListener.prepareTestInstance(ServletTestExecutionListener.java:132)
	at org.springframework.test.context.TestContextManager.prepareTestInstance(TestContextManager.java:248)
	at org.springframework.test.context.junit.jupiter.SpringExtension.postProcessTestInstance(SpringExtension.java:138)
	at org.junit.jupiter.engine.descriptor.ClassBasedTestDescriptor.lambda$invokeTestInstancePostProcessors$8(ClassBasedTestDescriptor.java:363)
	at org.junit.jupiter.engine.descriptor.ClassBasedTestDescriptor.executeAndMaskThrowable(ClassBasedTestDescriptor.java:368)
	at org.junit.jupiter.engine.descriptor.ClassBasedTestDescriptor.lambda$invokeTestInstancePostProcessors$9(ClassBasedTestDescriptor.java:363)
	at java.base/java.util.stream.ReferencePipeline$3$1.accept(ReferencePipeline.java:195)
	at java.base/java.util.stream.ReferencePipeline$2$1.accept(ReferencePipeline.java:177)
	at java.base/java.util.ArrayList$ArrayListSpliterator.forEachRemaining(ArrayList.java:1655)
	at java.base/java.util.stream.AbstractPipeline.copyInto(AbstractPipeline.java:484)
	at java.base/java.util.stream.AbstractPipeline.wrapAndCopyInto(AbstractPipeline.java:474)
	at java.base/java.util.stream.StreamSpliterators$WrappingSpliterator.forEachRemaining(StreamSpliterators.java:312)
	at java.base/java.util.stream.Streams$ConcatSpliterator.forEachRemaining(Streams.java:735)
	at java.base/java.util.stream.Streams$ConcatSpliterator.forEachRemaining(Streams.java:734)
	at java.base/java.util.stream.Streams$ConcatSpliterator.forEachRemaining(Streams.java:734)
	at java.base/java.util.stream.ReferencePipeline$Head.forEach(ReferencePipeline.java:658)
	at org.junit.jupiter.engine.descriptor.ClassBasedTestDescriptor.invokeTestInstancePostProcessors(ClassBasedTestDescriptor.java:362)
	at org.junit.jupiter.engine.descriptor.ClassBasedTestDescriptor.lambda$instantiateAndPostProcessTestInstance$6(ClassBasedTestDescriptor.java:283)
	at org.junit.platform.engine.support.hierarchical.ThrowableCollector.execute(ThrowableCollector.java:73)
	at org.junit.jupiter.engine.descriptor.ClassBasedTestDescriptor.instantiateAndPostProcessTestInstance(ClassBasedTestDescriptor.java:282)
	at org.junit.jupiter.engine.descriptor.ClassBasedTestDescriptor.lambda$testInstancesProvider$4(ClassBasedTestDescriptor.java:272)
	at java.base/java.util.Optional.orElseGet(Optional.java:369)
	at org.junit.jupiter.engine.descriptor.ClassBasedTestDescriptor.lambda$testInstancesProvider$5(ClassBasedTestDescriptor.java:271)
	at org.junit.jupiter.engine.execution.TestInstancesProvider.getTestInstances(TestInstancesProvider.java:31)
	at org.junit.jupiter.engine.descriptor.TestMethodTestDescriptor.lambda$prepare$0(TestMethodTestDescriptor.java:102)
	at org.junit.platform.engine.support.hierarchical.ThrowableCollector.execute(ThrowableCollector.java:73)
	at org.junit.jupiter.engine.descriptor.TestMethodTestDescriptor.prepare(TestMethodTestDescriptor.java:101)
	at org.junit.jupiter.engine.descriptor.TestMethodTestDescriptor.prepare(TestMethodTestDescriptor.java:66)
	at org.junit.platform.engine.support.hierarchical.NodeTestTask.lambda$prepare$2(NodeTestTask.java:123)
	at org.junit.platform.engine.support.hierarchical.ThrowableCollector.execute(ThrowableCollector.java:73)
	at org.junit.platform.engine.support.hierarchical.NodeTestTask.prepare(NodeTestTask.java:123)
	at org.junit.platform.engine.support.hierarchical.NodeTestTask.execute(NodeTestTask.java:90)
	at org.junit.platform.engine.support.hierarchical.SameThreadHierarchicalTestExecutorService.submit(SameThreadHierarchicalTestExecutorService.java:35)
	at org.junit.platform.engine.support.hierarchical.NodeTestTask$DefaultDynamicTestExecutor.execute(NodeTestTask.java:226)
	at org.junit.platform.engine.support.hierarchical.NodeTestTask$DefaultDynamicTestExecutor.execute(NodeTestTask.java:204)
	at org.junit.jupiter.engine.descriptor.TestTemplateTestDescriptor.execute(TestTemplateTestDescriptor.java:139)
	at org.junit.jupiter.engine.descriptor.TestTemplateTestDescriptor.lambda$execute$2(TestTemplateTestDescriptor.java:107)
	at java.base/java.util.stream.ForEachOps$ForEachOp$OfRef.accept(ForEachOps.java:183)
	at java.base/java.util.stream.ReferencePipeline$3$1.accept(ReferencePipeline.java:195)
	at java.base/java.util.stream.ReferencePipeline$2$1.accept(ReferencePipeline.java:177)
	at java.base/java.util.stream.ReferencePipeline$3$1.accept(ReferencePipeline.java:195)
	at java.base/java.util.stream.ForEachOps$ForEachOp$OfRef.accept(ForEachOps.java:183)
	at java.base/java.util.stream.ReferencePipeline$3$1.accept(ReferencePipeline.java:195)
	at java.base/java.util.stream.ReferencePipeline$3$1.accept(ReferencePipeline.java:195)
	at java.base/java.util.stream.ReferencePipeline$3$1.accept(ReferencePipeline.java:195)
	at java.base/java.util.ArrayList$ArrayListSpliterator.forEachRemaining(ArrayList.java:1655)
	at java.base/java.util.stream.ReferencePipeline$Head.forEach(ReferencePipeline.java:658)
	at java.base/java.util.stream.ReferencePipeline$7$1.accept(ReferencePipeline.java:274)
	at java.base/java.util.stream.ReferencePipeline$3$1.accept(ReferencePipeline.java:195)
	at java.base/java.util.stream.ReferencePipeline$3$1.accept(ReferencePipeline.java:195)
	at java.base/java.util.stream.ReferencePipeline$3$1.accept(ReferencePipeline.java:195)
	at java.base/java.util.ArrayList$ArrayListSpliterator.forEachRemaining(ArrayList.java:1655)
	at java.base/java.util.stream.AbstractPipeline.copyInto(AbstractPipeline.java:484)
	at java.base/java.util.stream.AbstractPipeline.wrapAndCopyInto(AbstractPipeline.java:474)
	at java.base/java.util.stream.ForEachOps$ForEachOp.evaluateSequential(ForEachOps.java:150)
	at java.base/java.util.stream.ForEachOps$ForEachOp$OfRef.evaluateSequential(ForEachOps.java:173)
	at java.base/java.util.stream.AbstractPipeline.evaluate(AbstractPipeline.java:234)
	at java.base/java.util.stream.ReferencePipeline.forEach(ReferencePipeline.java:497)
	at java.base/java.util.stream.ReferencePipeline$7$1.accept(ReferencePipeline.java:274)
	at java.base/java.util.ArrayList$ArrayListSpliterator.forEachRemaining(ArrayList.java:1655)
	at java.base/java.util.stream.AbstractPipeline.copyInto(AbstractPipeline.java:484)
	at java.base/java.util.stream.AbstractPipeline.wrapAndCopyInto(AbstractPipeline.java:474)
	at java.base/java.util.stream.ForEachOps$ForEachOp.evaluateSequential(ForEachOps.java:150)
	at java.base/java.util.stream.ForEachOps$ForEachOp$OfRef.evaluateSequential(ForEachOps.java:173)
	at java.base/java.util.stream.AbstractPipeline.evaluate(AbstractPipeline.java:234)
	at java.base/java.util.stream.ReferencePipeline.forEach(ReferencePipeline.java:497)
	at org.junit.jupiter.engine.descriptor.TestTemplateTestDescriptor.execute(TestTemplateTestDescriptor.java:107)
	at org.junit.jupiter.engine.descriptor.TestTemplateTestDescriptor.execute(TestTemplateTestDescriptor.java:42)
	at org.junit.platform.engine.support.hierarchical.NodeTestTask.lambda$executeRecursively$6(NodeTestTask.java:151)
	at org.junit.platform.engine.support.hierarchical.ThrowableCollector.execute(ThrowableCollector.java:73)
	at org.junit.platform.engine.support.hierarchical.NodeTestTask.lambda$executeRecursively$8(NodeTestTask.java:141)
	at org.junit.platform.engine.support.hierarchical.Node.around(Node.java:137)
	at org.junit.platform.engine.support.hierarchical.NodeTestTask.lambda$executeRecursively$9(NodeTestTask.java:139)
	at org.junit.platform.engine.support.hierarchical.ThrowableCollector.execute(ThrowableCollector.java:73)
	at org.junit.platform.engine.support.hierarchical.NodeTestTask.executeRecursively(NodeTestTask.java:138)
	at org.junit.platform.engine.support.hierarchical.NodeTestTask.execute(NodeTestTask.java:95)
	at java.base/java.util.ArrayList.forEach(ArrayList.java:1541)
	at org.junit.platform.engine.support.hierarchical.SameThreadHierarchicalTestExecutorService.invokeAll(SameThreadHierarchicalTestExecutorService.java:41)
	at org.junit.platform.engine.support.hierarchical.NodeTestTask.lambda$executeRecursively$6(NodeTestTask.java:155)
	at org.junit.platform.engine.support.hierarchical.ThrowableCollector.execute(ThrowableCollector.java:73)
	at org.junit.platform.engine.support.hierarchical.NodeTestTask.lambda$executeRecursively$8(NodeTestTask.java:141)
	at org.junit.platform.engine.support.hierarchical.Node.around(Node.java:137)
	at org.junit.platform.engine.support.hierarchical.NodeTestTask.lambda$executeRecursively$9(NodeTestTask.java:139)
	at org.junit.platform.engine.support.hierarchical.ThrowableCollector.execute(ThrowableCollector.java:73)
	at org.junit.platform.engine.support.hierarchical.NodeTestTask.executeRecursively(NodeTestTask.java:138)
	at org.junit.platform.engine.support.hierarchical.NodeTestTask.execute(NodeTestTask.java:95)
	at java.base/java.util.ArrayList.forEach(ArrayList.java:1541)
	at org.junit.platform.engine.support.hierarchical.SameThreadHierarchicalTestExecutorService.invokeAll(SameThreadHierarchicalTestExecutorService.java:41)
	at org.junit.platform.engine.support.hierarchical.NodeTestTask.lambda$executeRecursively$6(NodeTestTask.java:155)
	at org.junit.platform.engine.support.hierarchical.ThrowableCollector.execute(ThrowableCollector.java:73)
	at org.junit.platform.engine.support.hierarchical.NodeTestTask.lambda$executeRecursively$8(NodeTestTask.java:141)
	at org.junit.platform.engine.support.hierarchical.Node.around(Node.java:137)
	at org.junit.platform.engine.support.hierarchical.NodeTestTask.lambda$executeRecursively$9(NodeTestTask.java:139)
	at org.junit.platform.engine.support.hierarchical.ThrowableCollector.execute(ThrowableCollector.java:73)
	at org.junit.platform.engine.support.hierarchical.NodeTestTask.executeRecursively(NodeTestTask.java:138)
	at org.junit.platform.engine.support.hierarchical.NodeTestTask.execute(NodeTestTask.java:95)
	at org.junit.platform.engine.support.hierarchical.SameThreadHierarchicalTestExecutorService.submit(SameThreadHierarchicalTestExecutorService.java:35)
	at org.junit.platform.engine.support.hierarchical.HierarchicalTestExecutor.execute(HierarchicalTestExecutor.java:57)
	at org.junit.platform.engine.support.hierarchical.HierarchicalTestEngine.execute(HierarchicalTestEngine.java:54)
	at org.junit.platform.launcher.core.DefaultLauncher.execute(DefaultLauncher.java:220)
	at org.junit.platform.launcher.core.DefaultLauncher.lambda$execute$6(DefaultLauncher.java:188)
	at org.junit.platform.launcher.core.DefaultLauncher.withInterceptedStreams(DefaultLauncher.java:202)
	at org.junit.platform.launcher.core.DefaultLauncher.execute(DefaultLauncher.java:181)
	at org.junit.platform.launcher.core.DefaultLauncher.execute(DefaultLauncher.java:128)
	at org.apache.maven.surefire.junitplatform.JUnitPlatformProvider.invokeAllTests(JUnitPlatformProvider.java:150)
	at org.apache.maven.surefire.junitplatform.JUnitPlatformProvider.invoke(JUnitPlatformProvider.java:124)
	at org.apache.maven.surefire.booter.ForkedBooter.invokeProviderInSameClassLoader(ForkedBooter.java:384)
	at org.apache.maven.surefire.booter.ForkedBooter.runSuitesInProcess(ForkedBooter.java:345)
	at org.apache.maven.surefire.booter.ForkedBooter.execute(ForkedBooter.java:126)
	at org.apache.maven.surefire.booter.ForkedBooter.main(ForkedBooter.java:418)
Caused by: org.springframework.beans.factory.UnsatisfiedDependencyException: Error creating bean with name 'userDetailsServiceImpl': Unsatisfied dependency expressed through field 'userRepository'; nested exception is org.springframework.beans.factory.BeanCreationException: Error creating bean with name 'userRepository' defined in com.example.demo.repository.UserRepository defined in @EnableMongoRepositories declared on MongoRepositoriesRegistrar.EnableMongoRepositoriesConfiguration: Cannot resolve reference to bean 'mongoTemplate' while setting bean property 'mongoOperations'; nested exception is org.springframework.beans.factory.BeanCreationException: Error creating bean with name 'mongoTemplate' defined in class path resource [org/springframework/boot/autoconfigure/data/mongo/MongoDatabaseFactoryDependentConfiguration.class]: Bean instantiation via factory method failed; nested exception is org.springframework.beans.BeanInstantiationException: Failed to instantiate [org.springframework.data.mongodb.core.MongoTemplate]: Factory method 'mongoTemplate' threw exception; nested exception is org.springframework.dao.DataAccessResourceFailureException: Timed out after 30000 ms while waiting for a server that matches com.mongodb.client.internal.MongoClientDelegate$1@892af0e. Client view of cluster state is {type=REPLICA_SET, servers=[{address=ac-vellxrk-shard-00-01.aeg89es.mongodb.net:27017, type=UNKNOWN, state=CONNECTING, exception={com.mongodb.MongoSocketWriteException: Exception sending message}, caused by {javax.net.ssl.SSLException: Received fatal alert: internal_error}}, {address=ac-vellxrk-shard-00-02.aeg89es.mongodb.net:27017, type=UNKNOWN, state=CONNECTING, exception={com.mongodb.MongoSocketWriteException: Exception sending message}, caused by {javax.net.ssl.SSLException: Received fatal alert: internal_error}}, {address=ac-vellxrk-shard-00-00.aeg89es.mongodb.net:27017, type=UNKNOWN, state=CONNECTING, exception={com.mongodb.MongoSocketWriteException: Exception sending message}, caused by {javax.net.ssl.SSLException: Received fatal alert: internal_error}}]; nested exception is com.mongodb.MongoTimeoutException: Timed out after 30000 ms while waiting for a server that matches com.mongodb.client.internal.MongoClientDelegate$1@892af0e. Client view of cluster state is {type=REPLICA_SET, servers=[{address=ac-vellxrk-shard-00-01.aeg89es.mongodb.net:27017, type=UNKNOWN, state=CONNECTING, exception={com.mongodb.MongoSocketWriteException: Exception sending message}, caused by {javax.net.ssl.SSLException: Received fatal alert: internal_error}}, {address=ac-vellxrk-shard-00-02.aeg89es.mongodb.net:27017, type=UNKNOWN, state=CONNECTING, exception={com.mongodb.MongoSocketWriteException: Exception sending message}, caused by {javax.net.ssl.SSLException: Received fatal alert: internal_error}}, {address=ac-vellxrk-shard-00-00.aeg89es.mongodb.net:27017, type=UNKNOWN, state=CONNECTING, exception={com.mongodb.MongoSocketWriteException: Exception sending message}, caused by {javax.net.ssl.SSLException: Received fatal alert: internal_error}}]
	at org.springframework.beans.factory.annotation.AutowiredAnnotationBeanPostProcessor$AutowiredFieldElement.resolveFieldValue(AutowiredAnnotationBeanPostProcessor.java:713)
	at org.springframework.beans.factory.annotation.AutowiredAnnotationBeanPostProcessor$AutowiredFieldElement.inject(AutowiredAnnotationBeanPostProcessor.java:693)
	at org.springframework.beans.factory.annotation.InjectionMetadata.inject(InjectionMetadata.java:119)
	at org.springframework.beans.factory.annotation.AutowiredAnnotationBeanPostProcessor.postProcessProperties(AutowiredAnnotationBeanPostProcessor.java:408)
	at org.springframework.beans.factory.support.AbstractAutowireCapableBeanFactory.populateBean(AbstractAutowireCapableBeanFactory.java:1431)
	at org.springframework.beans.factory.support.AbstractAutowireCapableBeanFactory.doCreateBean(AbstractAutowireCapableBeanFactory.java:619)
	at org.springframework.beans.factory.support.AbstractAutowireCapableBeanFactory.createBean(AbstractAutowireCapableBeanFactory.java:542)
	at org.springframework.beans.factory.support.AbstractBeanFactory.lambda$doGetBean$0(AbstractBeanFactory.java:335)
	at org.springframework.beans.factory.support.DefaultSingletonBeanRegistry.getSingleton(DefaultSingletonBeanRegistry.java:234)
	at org.springframework.beans.factory.support.AbstractBeanFactory.doGetBean(AbstractBeanFactory.java:333)
	at org.springframework.beans.factory.support.AbstractBeanFactory.getBean(AbstractBeanFactory.java:208)
	at org.springframework.beans.factory.config.DependencyDescriptor.resolveCandidate(DependencyDescriptor.java:276)
	at org.springframework.beans.factory.support.DefaultListableBeanFactory.doResolveDependency(DefaultListableBeanFactory.java:1391)
	at org.springframework.beans.factory.support.DefaultListableBeanFactory.resolveDependency(DefaultListableBeanFactory.java:1311)
	at org.springframework.beans.factory.annotation.AutowiredAnnotationBeanPostProcessor$AutowiredFieldElement.resolveFieldValue(AutowiredAnnotationBeanPostProcessor.java:710)
	... 131 common frames omitted
Caused by: org.springframework.beans.factory.BeanCreationException: Error creating bean with name 'userRepository' defined in com.example.demo.repository.UserRepository defined in @EnableMongoRepositories declared on MongoRepositoriesRegistrar.EnableMongoRepositoriesConfiguration: Cannot resolve reference to bean 'mongoTemplate' while setting bean property 'mongoOperations'; nested exception is org.springframework.beans.factory.BeanCreationException: Error creating bean with name 'mongoTemplate' defined in class path resource [org/springframework/boot/autoconfigure/data/mongo/MongoDatabaseFactoryDependentConfiguration.class]: Bean instantiation via factory method failed; nested exception is org.springframework.beans.BeanInstantiationException: Failed to instantiate [org.springframework.data.mongodb.core.MongoTemplate]: Factory method 'mongoTemplate' threw exception; nested exception is org.springframework.dao.DataAccessResourceFailureException: Timed out after 30000 ms while waiting for a server that matches com.mongodb.client.internal.MongoClientDelegate$1@892af0e. Client view of cluster state is {type=REPLICA_SET, servers=[{address=ac-vellxrk-shard-00-01.aeg89es.mongodb.net:27017, type=UNKNOWN, state=CONNECTING, exception={com.mongodb.MongoSocketWriteException: Exception sending message}, caused by {javax.net.ssl.SSLException: Received fatal alert: internal_error}}, {address=ac-vellxrk-shard-00-02.aeg89es.mongodb.net:27017, type=UNKNOWN, state=CONNECTING, exception={com.mongodb.MongoSocketWriteException: Exception sending message}, caused by {javax.net.ssl.SSLException: Received fatal alert: internal_error}}, {address=ac-vellxrk-shard-00-00.aeg89es.mongodb.net:27017, type=UNKNOWN, state=CONNECTING, exception={com.mongodb.MongoSocketWriteException: Exception sending message}, caused by {javax.net.ssl.SSLException: Received fatal alert: internal_error}}]; nested exception is com.mongodb.MongoTimeoutException: Timed out after 30000 ms while waiting for a server that matches com.mongodb.client.internal.MongoClientDelegate$1@892af0e. Client view of cluster state is {type=REPLICA_SET, servers=[{address=ac-vellxrk-shard-00-01.aeg89es.mongodb.net:27017, type=UNKNOWN, state=CONNECTING, exception={com.mongodb.MongoSocketWriteException: Exception sending message}, caused by {javax.net.ssl.SSLException: Received fatal alert: internal_error}}, {address=ac-vellxrk-shard-00-02.aeg89es.mongodb.net:27017, type=UNKNOWN, state=CONNECTING, exception={com.mongodb.MongoSocketWriteException: Exception sending message}, caused by {javax.net.ssl.SSLException: Received fatal alert: internal_error}}, {address=ac-vellxrk-shard-00-00.aeg89es.mongodb.net:27017, type=UNKNOWN, state=CONNECTING, exception={com.mongodb.MongoSocketWriteException: Exception sending message}, caused by {javax.net.ssl.SSLException: Received fatal alert: internal_error}}]
	at org.springframework.beans.factory.support.BeanDefinitionValueResolver.resolveReference(BeanDefinitionValueResolver.java:342)
	at org.springframework.beans.factory.support.BeanDefinitionValueResolver.resolveValueIfNecessary(BeanDefinitionValueResolver.java:113)
	at org.springframework.beans.factory.support.AbstractAutowireCapableBeanFactory.applyPropertyValues(AbstractAutowireCapableBeanFactory.java:1707)
	at org.springframework.beans.factory.support.AbstractAutowireCapableBeanFactory.populateBean(AbstractAutowireCapableBeanFactory.java:1452)
	at org.springframework.beans.factory.support.AbstractAutowireCapableBeanFactory.doCreateBean(AbstractAutowireCapableBeanFactory.java:619)
	at org.springframework.beans.factory.support.AbstractAutowireCapableBeanFactory.createBean(AbstractAutowireCapableBeanFactory.java:542)
	at org.springframework.beans.factory.support.AbstractBeanFactory.lambda$doGetBean$0(AbstractBeanFactory.java:335)
	at org.springframework.beans.factory.support.DefaultSingletonBeanRegistry.getSingleton(DefaultSingletonBeanRegistry.java:234)
	at org.springframework.beans.factory.support.AbstractBeanFactory.doGetBean(AbstractBeanFactory.java:333)
	at org.springframework.beans.factory.support.AbstractBeanFactory.getBean(AbstractBeanFactory.java:208)
	at org.springframework.beans.factory.config.DependencyDescriptor.resolveCandidate(DependencyDescriptor.java:276)
	at org.springframework.beans.factory.support.DefaultListableBeanFactory.doResolveDependency(DefaultListableBeanFactory.java:1391)
	at org.springframework.beans.factory.support.DefaultListableBeanFactory.resolveDependency(DefaultListableBeanFactory.java:1311)
	at org.springframework.beans.factory.annotation.AutowiredAnnotationBeanPostProcessor$AutowiredFieldElement.resolveFieldValue(AutowiredAnnotationBeanPostProcessor.java:710)
	... 145 common frames omitted
Caused by: org.springframework.beans.factory.BeanCreationException: Error creating bean with name 'mongoTemplate' defined in class path resource [org/springframework/boot/autoconfigure/data/mongo/MongoDatabaseFactoryDependentConfiguration.class]: Bean instantiation via factory method failed; nested exception is org.springframework.beans.BeanInstantiationException: Failed to instantiate [org.springframework.data.mongodb.core.MongoTemplate]: Factory method 'mongoTemplate' threw exception; nested exception is org.springframework.dao.DataAccessResourceFailureException: Timed out after 30000 ms while waiting for a server that matches com.mongodb.client.internal.MongoClientDelegate$1@892af0e. Client view of cluster state is {type=REPLICA_SET, servers=[{address=ac-vellxrk-shard-00-01.aeg89es.mongodb.net:27017, type=UNKNOWN, state=CONNECTING, exception={com.mongodb.MongoSocketWriteException: Exception sending message}, caused by {javax.net.ssl.SSLException: Received fatal alert: internal_error}}, {address=ac-vellxrk-shard-00-02.aeg89es.mongodb.net:27017, type=UNKNOWN, state=CONNECTING, exception={com.mongodb.MongoSocketWriteException: Exception sending message}, caused by {javax.net.ssl.SSLException: Received fatal alert: internal_error}}, {address=ac-vellxrk-shard-00-00.aeg89es.mongodb.net:27017, type=UNKNOWN, state=CONNECTING, exception={com.mongodb.MongoSocketWriteException: Exception sending message}, caused by {javax.net.ssl.SSLException: Received fatal alert: internal_error}}]; nested exception is com.mongodb.MongoTimeoutException: Timed out after 30000 ms while waiting for a server that matches com.mongodb.client.internal.MongoClientDelegate$1@892af0e. Client view of cluster state is {type=REPLICA_SET, servers=[{address=ac-vellxrk-shard-00-01.aeg89es.mongodb.net:27017, type=UNKNOWN, state=CONNECTING, exception={com.mongodb.MongoSocketWriteException: Exception sending message}, caused by {javax.net.ssl.SSLException: Received fatal alert: internal_error}}, {address=ac-vellxrk-shard-00-02.aeg89es.mongodb.net:27017, type=UNKNOWN, state=CONNECTING, exception={com.mongodb.MongoSocketWriteException: Exception sending message}, caused by {javax.net.ssl.SSLException: Received fatal alert: internal_error}}, {address=ac-vellxrk-shard-00-00.aeg89es.mongodb.net:27017, type=UNKNOWN, state=CONNECTING, exception={com.mongodb.MongoSocketWriteException: Exception sending message}, caused by {javax.net.ssl.SSLException: Received fatal alert: internal_error}}]
	at org.springframework.beans.factory.support.ConstructorResolver.instantiate(ConstructorResolver.java:653)
	at org.springframework.beans.factory.support.ConstructorResolver.instantiateUsingFactoryMethod(ConstructorResolver.java:633)
	at org.springframework.beans.factory.support.AbstractAutowireCapableBeanFactory.instantiateUsingFactoryMethod(AbstractAutowireCapableBeanFactory.java:1352)
	at org.springframework.beans.factory.support.AbstractAutowireCapableBeanFactory.createBeanInstance(AbstractAutowireCapableBeanFactory.java:1195)
	at org.springframework.beans.factory.support.AbstractAutowireCapableBeanFactory.doCreateBean(AbstractAutowireCapableBeanFactory.java:582)
	at org.springframework.beans.factory.support.AbstractAutowireCapableBeanFactory.createBean(AbstractAutowireCapableBeanFactory.java:542)
	at org.springframework.beans.factory.support.AbstractBeanFactory.lambda$doGetBean$0(AbstractBeanFactory.java:335)
	at org.springframework.beans.factory.support.DefaultSingletonBeanRegistry.getSingleton(DefaultSingletonBeanRegistry.java:234)
	at org.springframework.beans.factory.support.AbstractBeanFactory.doGetBean(AbstractBeanFactory.java:333)
	at org.springframework.beans.factory.support.AbstractBeanFactory.getBean(AbstractBeanFactory.java:208)
	at org.springframework.beans.factory.support.BeanDefinitionValueResolver.resolveReference(BeanDefinitionValueResolver.java:330)
	... 158 common frames omitted
Caused by: org.springframework.beans.BeanInstantiationException: Failed to instantiate [org.springframework.data.mongodb.core.MongoTemplate]: Factory method 'mongoTemplate' threw exception; nested exception is org.springframework.dao.DataAccessResourceFailureException: Timed out after 30000 ms while waiting for a server that matches com.mongodb.client.internal.MongoClientDelegate$1@892af0e. Client view of cluster state is {type=REPLICA_SET, servers=[{address=ac-vellxrk-shard-00-01.aeg89es.mongodb.net:27017, type=UNKNOWN, state=CONNECTING, exception={com.mongodb.MongoSocketWriteException: Exception sending message}, caused by {javax.net.ssl.SSLException: Received fatal alert: internal_error}}, {address=ac-vellxrk-shard-00-02.aeg89es.mongodb.net:27017, type=UNKNOWN, state=CONNECTING, exception={com.mongodb.MongoSocketWriteException: Exception sending message}, caused by {javax.net.ssl.SSLException: Received fatal alert: internal_error}}, {address=ac-vellxrk-shard-00-00.aeg89es.mongodb.net:27017, type=UNKNOWN, state=CONNECTING, exception={com.mongodb.MongoSocketWriteException: Exception sending message}, caused by {javax.net.ssl.SSLException: Received fatal alert: internal_error}}]; nested exception is com.mongodb.MongoTimeoutException: Timed out after 30000 ms while waiting for a server that matches com.mongodb.client.internal.MongoClientDelegate$1@892af0e. Client view of cluster state is {type=REPLICA_SET, servers=[{address=ac-vellxrk-shard-00-01.aeg89es.mongodb.net:27017, type=UNKNOWN, state=CONNECTING, exception={com.mongodb.MongoSocketWriteException: Exception sending message}, caused by {javax.net.ssl.SSLException: Received fatal alert: internal_error}}, {address=ac-vellxrk-shard-00-02.aeg89es.mongodb.net:27017, type=UNKNOWN, state=CONNECTING, exception={com.mongodb.MongoSocketWriteException: Exception sending message}, caused by {javax.net.ssl.SSLException: Received fatal alert: internal_error}}, {address=ac-vellxrk-shard-00-00.aeg89es.mongodb.net:27017, type=UNKNOWN, state=CONNECTING, exception={com.mongodb.MongoSocketWriteException: Exception sending message}, caused by {javax.net.ssl.SSLException: Received fatal alert: internal_error}}]
	at org.springframework.beans.factory.support.SimpleInstantiationStrategy.instantiate(SimpleInstantiationStrategy.java:185)
	at org.springframework.beans.factory.support.ConstructorResolver.instantiate(ConstructorResolver.java:648)
	... 168 common frames omitted
Caused by: org.springframework.dao.DataAccessResourceFailureException: Timed out after 30000 ms while waiting for a server that matches com.mongodb.client.internal.MongoClientDelegate$1@892af0e. Client view of cluster state is {type=REPLICA_SET, servers=[{address=ac-vellxrk-shard-00-01.aeg89es.mongodb.net:27017, type=UNKNOWN, state=CONNECTING, exception={com.mongodb.MongoSocketWriteException: Exception sending message}, caused by {javax.net.ssl.SSLException: Received fatal alert: internal_error}}, {address=ac-vellxrk-shard-00-02.aeg89es.mongodb.net:27017, type=UNKNOWN, state=CONNECTING, exception={com.mongodb.MongoSocketWriteException: Exception sending message}, caused by {javax.net.ssl.SSLException: Received fatal alert: internal_error}}, {address=ac-vellxrk-shard-00-00.aeg89es.mongodb.net:27017, type=UNKNOWN, state=CONNECTING, exception={com.mongodb.MongoSocketWriteException: Exception sending message}, caused by {javax.net.ssl.SSLException: Received fatal alert: internal_error}}]; nested exception is com.mongodb.MongoTimeoutException: Timed out after 30000 ms while waiting for a server that matches com.mongodb.client.internal.MongoClientDelegate$1@892af0e. Client view of cluster state is {type=REPLICA_SET, servers=[{address=ac-vellxrk-shard-00-01.aeg89es.mongodb.net:27017, type=UNKNOWN, state=CONNECTING, exception={com.mongodb.MongoSocketWriteException: Exception sending message}, caused by {javax.net.ssl.SSLException: Received fatal alert: internal_error}}, {address=ac-vellxrk-shard-00-02.aeg89es.mongodb.net:27017, type=UNKNOWN, state=CONNECTING, exception={com.mongodb.MongoSocketWriteException: Exception sending message}, caused by {javax.net.ssl.SSLException: Received fatal alert: internal_error}}, {address=ac-vellxrk-shard-00-00.aeg89es.mongodb.net:27017, type=UNKNOWN, state=CONNECTING, exception={com.mongodb.MongoSocketWriteException: Exception sending message}, caused by {javax.net.ssl.SSLException: Received fatal alert: internal_error}}]
	at org.springframework.data.mongodb.core.MongoExceptionTranslator.translateExceptionIfPossible(MongoExceptionTranslator.java:95)
	at org.springframework.data.mongodb.core.MongoTemplate.potentiallyConvertRuntimeException(MongoTemplate.java:3029)
	at org.springframework.data.mongodb.core.MongoTemplate.execute(MongoTemplate.java:581)
	at org.springframework.data.mongodb.core.DefaultIndexOperations.execute(DefaultIndexOperations.java:215)
	at org.springframework.data.mongodb.core.DefaultIndexOperations.ensureIndex(DefaultIndexOperations.java:121)
	at org.springframework.data.mongodb.core.index.MongoPersistentEntityIndexCreator.createIndex(MongoPersistentEntityIndexCreator.java:157)
	at org.springframework.data.mongodb.core.index.MongoPersistentEntityIndexCreator.checkForAndCreateIndexes(MongoPersistentEntityIndexCreator.java:147)
	at org.springframework.data.mongodb.core.index.MongoPersistentEntityIndexCreator.checkForIndexes(MongoPersistentEntityIndexCreator.java:131)
	at org.springframework.data.mongodb.core.index.MongoPersistentEntityIndexCreator.<init>(MongoPersistentEntityIndexCreator.java:96)
	at org.springframework.data.mongodb.core.index.MongoPersistentEntityIndexCreator.<init>(MongoPersistentEntityIndexCreator.java:73)
	at org.springframework.data.mongodb.core.MongoTemplate.<init>(MongoTemplate.java:224)
	at org.springframework.boot.autoconfigure.data.mongo.MongoDatabaseFactoryDependentConfiguration.mongoTemplate(MongoDatabaseFactoryDependentConfiguration.java:63)
	at java.base/jdk.internal.reflect.NativeMethodAccessorImpl.invoke0(Native Method)
	at java.base/jdk.internal.reflect.NativeMethodAccessorImpl.invoke(NativeMethodAccessorImpl.java:62)
	at java.base/jdk.internal.reflect.DelegatingMethodAccessorImpl.invoke(DelegatingMethodAccessorImpl.java:43)
	at java.base/java.lang.reflect.Method.invoke(Method.java:566)
	at org.springframework.beans.factory.support.SimpleInstantiationStrategy.instantiate(SimpleInstantiationStrategy.java:154)
	... 169 common frames omitted
Caused by: com.mongodb.MongoTimeoutException: Timed out after 30000 ms while waiting for a server that matches com.mongodb.client.internal.MongoClientDelegate$1@892af0e. Client view of cluster state is {type=REPLICA_SET, servers=[{address=ac-vellxrk-shard-00-01.aeg89es.mongodb.net:27017, type=UNKNOWN, state=CONNECTING, exception={com.mongodb.MongoSocketWriteException: Exception sending message}, caused by {javax.net.ssl.SSLException: Received fatal alert: internal_error}}, {address=ac-vellxrk-shard-00-02.aeg89es.mongodb.net:27017, type=UNKNOWN, state=CONNECTING, exception={com.mongodb.MongoSocketWriteException: Exception sending message}, caused by {javax.net.ssl.SSLException: Received fatal alert: internal_error}}, {address=ac-vellxrk-shard-00-00.aeg89es.mongodb.net:27017, type=UNKNOWN, state=CONNECTING, exception={com.mongodb.MongoSocketWriteException: Exception sending message}, caused by {javax.net.ssl.SSLException: Received fatal alert: internal_error}}]
	at com.mongodb.internal.connection.BaseCluster.createTimeoutException(BaseCluster.java:424)
	at com.mongodb.internal.connection.BaseCluster.selectServer(BaseCluster.java:121)
	at com.mongodb.internal.connection.AbstractMultiServerCluster.selectServer(AbstractMultiServerCluster.java:50)
	at com.mongodb.client.internal.MongoClientDelegate.getConnectedClusterDescription(MongoClientDelegate.java:146)
	at com.mongodb.client.internal.MongoClientDelegate.createClientSession(MongoClientDelegate.java:101)
	at com.mongodb.client.internal.MongoClientDelegate$DelegateOperationExecutor.getClientSession(MongoClientDelegate.java:291)
	at com.mongodb.client.internal.MongoClientDelegate$DelegateOperationExecutor.execute(MongoClientDelegate.java:207)
	at com.mongodb.client.internal.MongoCollectionImpl.executeCreateIndexes(MongoCollectionImpl.java:848)
	at com.mongodb.client.internal.MongoCollectionImpl.createIndexes(MongoCollectionImpl.java:831)
	at com.mongodb.client.internal.MongoCollectionImpl.createIndexes(MongoCollectionImpl.java:826)
	at com.mongodb.client.internal.MongoCollectionImpl.createIndex(MongoCollectionImpl.java:811)
	at org.springframework.data.mongodb.core.DefaultIndexOperations.lambda$ensureIndex$0(DefaultIndexOperations.java:131)
	at org.springframework.data.mongodb.core.MongoTemplate.execute(MongoTemplate.java:579)
	... 183 common frames omitted
21:13:47.501 [main] ERROR o.s.test.context.TestContextManager - Caught exception while allowing TestExecutionListener [org.springframework.test.context.web.ServletTestExecutionListener@1de13f34] to prepare test instance [com.example.demo.service.UserServiceTests@1187dc82]
java.lang.IllegalStateException: Failed to load ApplicationContext
	at org.springframework.test.context.cache.DefaultCacheAwareContextLoaderDelegate.loadContext(DefaultCacheAwareContextLoaderDelegate.java:98)
	at org.springframework.test.context.support.DefaultTestContext.getApplicationContext(DefaultTestContext.java:124)
	at org.springframework.test.context.web.ServletTestExecutionListener.setUpRequestContextIfNecessary(ServletTestExecutionListener.java:190)
	at org.springframework.test.context.web.ServletTestExecutionListener.prepareTestInstance(ServletTestExecutionListener.java:132)
	at org.springframework.test.context.TestContextManager.prepareTestInstance(TestContextManager.java:248)
	at org.springframework.test.context.junit.jupiter.SpringExtension.postProcessTestInstance(SpringExtension.java:138)
	at org.junit.jupiter.engine.descriptor.ClassBasedTestDescriptor.lambda$invokeTestInstancePostProcessors$8(ClassBasedTestDescriptor.java:363)
	at org.junit.jupiter.engine.descriptor.ClassBasedTestDescriptor.executeAndMaskThrowable(ClassBasedTestDescriptor.java:368)
	at org.junit.jupiter.engine.descriptor.ClassBasedTestDescriptor.lambda$invokeTestInstancePostProcessors$9(ClassBasedTestDescriptor.java:363)
	at java.base/java.util.stream.ReferencePipeline$3$1.accept(ReferencePipeline.java:195)
	at java.base/java.util.stream.ReferencePipeline$2$1.accept(ReferencePipeline.java:177)
	at java.base/java.util.ArrayList$ArrayListSpliterator.forEachRemaining(ArrayList.java:1655)
	at java.base/java.util.stream.AbstractPipeline.copyInto(AbstractPipeline.java:484)
	at java.base/java.util.stream.AbstractPipeline.wrapAndCopyInto(AbstractPipeline.java:474)
	at java.base/java.util.stream.StreamSpliterators$WrappingSpliterator.forEachRemaining(StreamSpliterators.java:312)
	at java.base/java.util.stream.Streams$ConcatSpliterator.forEachRemaining(Streams.java:735)
	at java.base/java.util.stream.Streams$ConcatSpliterator.forEachRemaining(Streams.java:734)
	at java.base/java.util.stream.Streams$ConcatSpliterator.forEachRemaining(Streams.java:734)
	at java.base/java.util.stream.ReferencePipeline$Head.forEach(ReferencePipeline.java:658)
	at org.junit.jupiter.engine.descriptor.ClassBasedTestDescriptor.invokeTestInstancePostProcessors(ClassBasedTestDescriptor.java:362)
	at org.junit.jupiter.engine.descriptor.ClassBasedTestDescriptor.lambda$instantiateAndPostProcessTestInstance$6(ClassBasedTestDescriptor.java:283)
	at org.junit.platform.engine.support.hierarchical.ThrowableCollector.execute(ThrowableCollector.java:73)
	at org.junit.jupiter.engine.descriptor.ClassBasedTestDescriptor.instantiateAndPostProcessTestInstance(ClassBasedTestDescriptor.java:282)
	at org.junit.jupiter.engine.descriptor.ClassBasedTestDescriptor.lambda$testInstancesProvider$4(ClassBasedTestDescriptor.java:272)
	at java.base/java.util.Optional.orElseGet(Optional.java:369)
	at org.junit.jupiter.engine.descriptor.ClassBasedTestDescriptor.lambda$testInstancesProvider$5(ClassBasedTestDescriptor.java:271)
	at org.junit.jupiter.engine.execution.TestInstancesProvider.getTestInstances(TestInstancesProvider.java:31)
	at org.junit.jupiter.engine.descriptor.TestMethodTestDescriptor.lambda$prepare$0(TestMethodTestDescriptor.java:102)
	at org.junit.platform.engine.support.hierarchical.ThrowableCollector.execute(ThrowableCollector.java:73)
	at org.junit.jupiter.engine.descriptor.TestMethodTestDescriptor.prepare(TestMethodTestDescriptor.java:101)
	at org.junit.jupiter.engine.descriptor.TestMethodTestDescriptor.prepare(TestMethodTestDescriptor.java:66)
	at org.junit.platform.engine.support.hierarchical.NodeTestTask.lambda$prepare$2(NodeTestTask.java:123)
	at org.junit.platform.engine.support.hierarchical.ThrowableCollector.execute(ThrowableCollector.java:73)
	at org.junit.platform.engine.support.hierarchical.NodeTestTask.prepare(NodeTestTask.java:123)
	at org.junit.platform.engine.support.hierarchical.NodeTestTask.execute(NodeTestTask.java:90)
	at org.junit.platform.engine.support.hierarchical.SameThreadHierarchicalTestExecutorService.submit(SameThreadHierarchicalTestExecutorService.java:35)
	at org.junit.platform.engine.support.hierarchical.NodeTestTask$DefaultDynamicTestExecutor.execute(NodeTestTask.java:226)
	at org.junit.platform.engine.support.hierarchical.NodeTestTask$DefaultDynamicTestExecutor.execute(NodeTestTask.java:204)
	at org.junit.jupiter.engine.descriptor.TestTemplateTestDescriptor.execute(TestTemplateTestDescriptor.java:139)
	at org.junit.jupiter.engine.descriptor.TestTemplateTestDescriptor.lambda$execute$2(TestTemplateTestDescriptor.java:107)
	at java.base/java.util.stream.ForEachOps$ForEachOp$OfRef.accept(ForEachOps.java:183)
	at java.base/java.util.stream.ReferencePipeline$3$1.accept(ReferencePipeline.java:195)
	at java.base/java.util.stream.ReferencePipeline$2$1.accept(ReferencePipeline.java:177)
	at java.base/java.util.stream.ReferencePipeline$3$1.accept(ReferencePipeline.java:195)
	at java.base/java.util.stream.ForEachOps$ForEachOp$OfRef.accept(ForEachOps.java:183)
	at java.base/java.util.stream.ReferencePipeline$3$1.accept(ReferencePipeline.java:195)
	at java.base/java.util.stream.ReferencePipeline$3$1.accept(ReferencePipeline.java:195)
	at java.base/java.util.stream.ReferencePipeline$3$1.accept(ReferencePipeline.java:195)
	at java.base/java.util.ArrayList$ArrayListSpliterator.forEachRemaining(ArrayList.java:1655)
	at java.base/java.util.stream.ReferencePipeline$Head.forEach(ReferencePipeline.java:658)
	at java.base/java.util.stream.ReferencePipeline$7$1.accept(ReferencePipeline.java:274)
	at java.base/java.util.stream.ReferencePipeline$3$1.accept(ReferencePipeline.java:195)
	at java.base/java.util.stream.ReferencePipeline$3$1.accept(ReferencePipeline.java:195)
	at java.base/java.util.stream.ReferencePipeline$3$1.accept(ReferencePipeline.java:195)
	at java.base/java.util.ArrayList$ArrayListSpliterator.forEachRemaining(ArrayList.java:1655)
	at java.base/java.util.stream.AbstractPipeline.copyInto(AbstractPipeline.java:484)
	at java.base/java.util.stream.AbstractPipeline.wrapAndCopyInto(AbstractPipeline.java:474)
	at java.base/java.util.stream.ForEachOps$ForEachOp.evaluateSequential(ForEachOps.java:150)
	at java.base/java.util.stream.ForEachOps$ForEachOp$OfRef.evaluateSequential(ForEachOps.java:173)
	at java.base/java.util.stream.AbstractPipeline.evaluate(AbstractPipeline.java:234)
	at java.base/java.util.stream.ReferencePipeline.forEach(ReferencePipeline.java:497)
	at java.base/java.util.stream.ReferencePipeline$7$1.accept(ReferencePipeline.java:274)
	at java.base/java.util.ArrayList$ArrayListSpliterator.forEachRemaining(ArrayList.java:1655)
	at java.base/java.util.stream.AbstractPipeline.copyInto(AbstractPipeline.java:484)
	at java.base/java.util.stream.AbstractPipeline.wrapAndCopyInto(AbstractPipeline.java:474)
	at java.base/java.util.stream.ForEachOps$ForEachOp.evaluateSequential(ForEachOps.java:150)
	at java.base/java.util.stream.ForEachOps$ForEachOp$OfRef.evaluateSequential(ForEachOps.java:173)
	at java.base/java.util.stream.AbstractPipeline.evaluate(AbstractPipeline.java:234)
	at java.base/java.util.stream.ReferencePipeline.forEach(ReferencePipeline.java:497)
	at org.junit.jupiter.engine.descriptor.TestTemplateTestDescriptor.execute(TestTemplateTestDescriptor.java:107)
	at org.junit.jupiter.engine.descriptor.TestTemplateTestDescriptor.execute(TestTemplateTestDescriptor.java:42)
	at org.junit.platform.engine.support.hierarchical.NodeTestTask.lambda$executeRecursively$6(NodeTestTask.java:151)
	at org.junit.platform.engine.support.hierarchical.ThrowableCollector.execute(ThrowableCollector.java:73)
	at org.junit.platform.engine.support.hierarchical.NodeTestTask.lambda$executeRecursively$8(NodeTestTask.java:141)
	at org.junit.platform.engine.support.hierarchical.Node.around(Node.java:137)
	at org.junit.platform.engine.support.hierarchical.NodeTestTask.lambda$executeRecursively$9(NodeTestTask.java:139)
	at org.junit.platform.engine.support.hierarchical.ThrowableCollector.execute(ThrowableCollector.java:73)
	at org.junit.platform.engine.support.hierarchical.NodeTestTask.executeRecursively(NodeTestTask.java:138)
	at org.junit.platform.engine.support.hierarchical.NodeTestTask.execute(NodeTestTask.java:95)
	at java.base/java.util.ArrayList.forEach(ArrayList.java:1541)
	at org.junit.platform.engine.support.hierarchical.SameThreadHierarchicalTestExecutorService.invokeAll(SameThreadHierarchicalTestExecutorService.java:41)
	at org.junit.platform.engine.support.hierarchical.NodeTestTask.lambda$executeRecursively$6(NodeTestTask.java:155)
	at org.junit.platform.engine.support.hierarchical.ThrowableCollector.execute(ThrowableCollector.java:73)
	at org.junit.platform.engine.support.hierarchical.NodeTestTask.lambda$executeRecursively$8(NodeTestTask.java:141)
	at org.junit.platform.engine.support.hierarchical.Node.around(Node.java:137)
	at org.junit.platform.engine.support.hierarchical.NodeTestTask.lambda$executeRecursively$9(NodeTestTask.java:139)
	at org.junit.platform.engine.support.hierarchical.ThrowableCollector.execute(ThrowableCollector.java:73)
	at org.junit.platform.engine.support.hierarchical.NodeTestTask.executeRecursively(NodeTestTask.java:138)
	at org.junit.platform.engine.support.hierarchical.NodeTestTask.execute(NodeTestTask.java:95)
	at java.base/java.util.ArrayList.forEach(ArrayList.java:1541)
	at org.junit.platform.engine.support.hierarchical.SameThreadHierarchicalTestExecutorService.invokeAll(SameThreadHierarchicalTestExecutorService.java:41)
	at org.junit.platform.engine.support.hierarchical.NodeTestTask.lambda$executeRecursively$6(NodeTestTask.java:155)
	at org.junit.platform.engine.support.hierarchical.ThrowableCollector.execute(ThrowableCollector.java:73)
	at org.junit.platform.engine.support.hierarchical.NodeTestTask.lambda$executeRecursively$8(NodeTestTask.java:141)
	at org.junit.platform.engine.support.hierarchical.Node.around(Node.java:137)
	at org.junit.platform.engine.support.hierarchical.NodeTestTask.lambda$executeRecursively$9(NodeTestTask.java:139)
	at org.junit.platform.engine.support.hierarchical.ThrowableCollector.execute(ThrowableCollector.java:73)
	at org.junit.platform.engine.support.hierarchical.NodeTestTask.executeRecursively(NodeTestTask.java:138)
	at org.junit.platform.engine.support.hierarchical.NodeTestTask.execute(NodeTestTask.java:95)
	at org.junit.platform.engine.support.hierarchical.SameThreadHierarchicalTestExecutorService.submit(SameThreadHierarchicalTestExecutorService.java:35)
	at org.junit.platform.engine.support.hierarchical.HierarchicalTestExecutor.execute(HierarchicalTestExecutor.java:57)
	at org.junit.platform.engine.support.hierarchical.HierarchicalTestEngine.execute(HierarchicalTestEngine.java:54)
	at org.junit.platform.launcher.core.DefaultLauncher.execute(DefaultLauncher.java:220)
	at org.junit.platform.launcher.core.DefaultLauncher.lambda$execute$6(DefaultLauncher.java:188)
	at org.junit.platform.launcher.core.DefaultLauncher.withInterceptedStreams(DefaultLauncher.java:202)
	at org.junit.platform.launcher.core.DefaultLauncher.execute(DefaultLauncher.java:181)
	at org.junit.platform.launcher.core.DefaultLauncher.execute(DefaultLauncher.java:128)
	at org.apache.maven.surefire.junitplatform.JUnitPlatformProvider.invokeAllTests(JUnitPlatformProvider.java:150)
	at org.apache.maven.surefire.junitplatform.JUnitPlatformProvider.invoke(JUnitPlatformProvider.java:124)
	at org.apache.maven.surefire.booter.ForkedBooter.invokeProviderInSameClassLoader(ForkedBooter.java:384)
	at org.apache.maven.surefire.booter.ForkedBooter.runSuitesInProcess(ForkedBooter.java:345)
	at org.apache.maven.surefire.booter.ForkedBooter.execute(ForkedBooter.java:126)
	at org.apache.maven.surefire.booter.ForkedBooter.main(ForkedBooter.java:418)
Caused by: org.springframework.beans.factory.UnsatisfiedDependencyException: Error creating bean with name 'springSecurity': Unsatisfied dependency expressed through field 'userDetailsService'; nested exception is org.springframework.beans.factory.UnsatisfiedDependencyException: Error creating bean with name 'userDetailsServiceImpl': Unsatisfied dependency expressed through field 'userRepository'; nested exception is org.springframework.beans.factory.BeanCreationException: Error creating bean with name 'userRepository' defined in com.example.demo.repository.UserRepository defined in @EnableMongoRepositories declared on MongoRepositoriesRegistrar.EnableMongoRepositoriesConfiguration: Cannot resolve reference to bean 'mongoTemplate' while setting bean property 'mongoOperations'; nested exception is org.springframework.beans.factory.BeanCreationException: Error creating bean with name 'mongoTemplate' defined in class path resource [org/springframework/boot/autoconfigure/data/mongo/MongoDatabaseFactoryDependentConfiguration.class]: Bean instantiation via factory method failed; nested exception is org.springframework.beans.BeanInstantiationException: Failed to instantiate [org.springframework.data.mongodb.core.MongoTemplate]: Factory method 'mongoTemplate' threw exception; nested exception is org.springframework.dao.DataAccessResourceFailureException: Timed out after 30000 ms while waiting for a server that matches com.mongodb.client.internal.MongoClientDelegate$1@892af0e. Client view of cluster state is {type=REPLICA_SET, servers=[{address=ac-vellxrk-shard-00-01.aeg89es.mongodb.net:27017, type=UNKNOWN, state=CONNECTING, exception={com.mongodb.MongoSocketWriteException: Exception sending message}, caused by {javax.net.ssl.SSLException: Received fatal alert: internal_error}}, {address=ac-vellxrk-shard-00-02.aeg89es.mongodb.net:27017, type=UNKNOWN, state=CONNECTING, exception={com.mongodb.MongoSocketWriteException: Exception sending message}, caused by {javax.net.ssl.SSLException: Received fatal alert: internal_error}}, {address=ac-vellxrk-shard-00-00.aeg89es.mongodb.net:27017, type=UNKNOWN, state=CONNECTING, exception={com.mongodb.MongoSocketWriteException: Exception sending message}, caused by {javax.net.ssl.SSLException: Received fatal alert: internal_error}}]; nested exception is com.mongodb.MongoTimeoutException: Timed out after 30000 ms while waiting for a server that matches com.mongodb.client.internal.MongoClientDelegate$1@892af0e. Client view of cluster state is {type=REPLICA_SET, servers=[{address=ac-vellxrk-shard-00-01.aeg89es.mongodb.net:27017, type=UNKNOWN, state=CONNECTING, exception={com.mongodb.MongoSocketWriteException: Exception sending message}, caused by {javax.net.ssl.SSLException: Received fatal alert: internal_error}}, {address=ac-vellxrk-shard-00-02.aeg89es.mongodb.net:27017, type=UNKNOWN, state=CONNECTING, exception={com.mongodb.MongoSocketWriteException: Exception sending message}, caused by {javax.net.ssl.SSLException: Received fatal alert: internal_error}}, {address=ac-vellxrk-shard-00-00.aeg89es.mongodb.net:27017, type=UNKNOWN, state=CONNECTING, exception={com.mongodb.MongoSocketWriteException: Exception sending message}, caused by {javax.net.ssl.SSLException: Received fatal alert: internal_error}}]
	at org.springframework.beans.factory.annotation.AutowiredAnnotationBeanPostProcessor$AutowiredFieldElement.resolveFieldValue(AutowiredAnnotationBeanPostProcessor.java:713)
	at org.springframework.beans.factory.annotation.AutowiredAnnotationBeanPostProcessor$AutowiredFieldElement.inject(AutowiredAnnotationBeanPostProcessor.java:693)
	at org.springframework.beans.factory.annotation.InjectionMetadata.inject(InjectionMetadata.java:119)
	at org.springframework.beans.factory.annotation.AutowiredAnnotationBeanPostProcessor.postProcessProperties(AutowiredAnnotationBeanPostProcessor.java:408)
	at org.springframework.beans.factory.support.AbstractAutowireCapableBeanFactory.populateBean(AbstractAutowireCapableBeanFactory.java:1431)
	at org.springframework.beans.factory.support.AbstractAutowireCapableBeanFactory.doCreateBean(AbstractAutowireCapableBeanFactory.java:619)
	at org.springframework.beans.factory.support.AbstractAutowireCapableBeanFactory.createBean(AbstractAutowireCapableBeanFactory.java:542)
	at org.springframework.beans.factory.support.AbstractBeanFactory.lambda$doGetBean$0(AbstractBeanFactory.java:335)
	at org.springframework.beans.factory.support.DefaultSingletonBeanRegistry.getSingleton(DefaultSingletonBeanRegistry.java:234)
	at org.springframework.beans.factory.support.AbstractBeanFactory.doGetBean(AbstractBeanFactory.java:333)
	at org.springframework.beans.factory.support.AbstractBeanFactory.getBean(AbstractBeanFactory.java:208)
	at org.springframework.beans.factory.support.DefaultListableBeanFactory.preInstantiateSingletons(DefaultListableBeanFactory.java:955)
	at org.springframework.context.support.AbstractApplicationContext.finishBeanFactoryInitialization(AbstractApplicationContext.java:921)
	at org.springframework.context.support.AbstractApplicationContext.refresh(AbstractApplicationContext.java:583)
	at org.springframework.boot.SpringApplication.refresh(SpringApplication.java:731)
	at org.springframework.boot.SpringApplication.refreshContext(SpringApplication.java:408)
	at org.springframework.boot.SpringApplication.run(SpringApplication.java:307)
	at org.springframework.boot.test.context.SpringBootContextLoader.loadContext(SpringBootContextLoader.java:136)
	at org.springframework.test.context.cache.DefaultCacheAwareContextLoaderDelegate.loadContextInternal(DefaultCacheAwareContextLoaderDelegate.java:141)
	at org.springframework.test.context.cache.DefaultCacheAwareContextLoaderDelegate.loadContext(DefaultCacheAwareContextLoaderDelegate.java:90)
	... 112 common frames omitted
Caused by: org.springframework.beans.factory.UnsatisfiedDependencyException: Error creating bean with name 'userDetailsServiceImpl': Unsatisfied dependency expressed through field 'userRepository'; nested exception is org.springframework.beans.factory.BeanCreationException: Error creating bean with name 'userRepository' defined in com.example.demo.repository.UserRepository defined in @EnableMongoRepositories declared on MongoRepositoriesRegistrar.EnableMongoRepositoriesConfiguration: Cannot resolve reference to bean 'mongoTemplate' while setting bean property 'mongoOperations'; nested exception is org.springframework.beans.factory.BeanCreationException: Error creating bean with name 'mongoTemplate' defined in class path resource [org/springframework/boot/autoconfigure/data/mongo/MongoDatabaseFactoryDependentConfiguration.class]: Bean instantiation via factory method failed; nested exception is org.springframework.beans.BeanInstantiationException: Failed to instantiate [org.springframework.data.mongodb.core.MongoTemplate]: Factory method 'mongoTemplate' threw exception; nested exception is org.springframework.dao.DataAccessResourceFailureException: Timed out after 30000 ms while waiting for a server that matches com.mongodb.client.internal.MongoClientDelegate$1@892af0e. Client view of cluster state is {type=REPLICA_SET, servers=[{address=ac-vellxrk-shard-00-01.aeg89es.mongodb.net:27017, type=UNKNOWN, state=CONNECTING, exception={com.mongodb.MongoSocketWriteException: Exception sending message}, caused by {javax.net.ssl.SSLException: Received fatal alert: internal_error}}, {address=ac-vellxrk-shard-00-02.aeg89es.mongodb.net:27017, type=UNKNOWN, state=CONNECTING, exception={com.mongodb.MongoSocketWriteException: Exception sending message}, caused by {javax.net.ssl.SSLException: Received fatal alert: internal_error}}, {address=ac-vellxrk-shard-00-00.aeg89es.mongodb.net:27017, type=UNKNOWN, state=CONNECTING, exception={com.mongodb.MongoSocketWriteException: Exception sending message}, caused by {javax.net.ssl.SSLException: Received fatal alert: internal_error}}]; nested exception is com.mongodb.MongoTimeoutException: Timed out after 30000 ms while waiting for a server that matches com.mongodb.client.internal.MongoClientDelegate$1@892af0e. Client view of cluster state is {type=REPLICA_SET, servers=[{address=ac-vellxrk-shard-00-01.aeg89es.mongodb.net:27017, type=UNKNOWN, state=CONNECTING, exception={com.mongodb.MongoSocketWriteException: Exception sending message}, caused by {javax.net.ssl.SSLException: Received fatal alert: internal_error}}, {address=ac-vellxrk-shard-00-02.aeg89es.mongodb.net:27017, type=UNKNOWN, state=CONNECTING, exception={com.mongodb.MongoSocketWriteException: Exception sending message}, caused by {javax.net.ssl.SSLException: Received fatal alert: internal_error}}, {address=ac-vellxrk-shard-00-00.aeg89es.mongodb.net:27017, type=UNKNOWN, state=CONNECTING, exception={com.mongodb.MongoSocketWriteException: Exception sending message}, caused by {javax.net.ssl.SSLException: Received fatal alert: internal_error}}]
	at org.springframework.beans.factory.annotation.AutowiredAnnotationBeanPostProcessor$AutowiredFieldElement.resolveFieldValue(AutowiredAnnotationBeanPostProcessor.java:713)
	at org.springframework.beans.factory.annotation.AutowiredAnnotationBeanPostProcessor$AutowiredFieldElement.inject(AutowiredAnnotationBeanPostProcessor.java:693)
	at org.springframework.beans.factory.annotation.InjectionMetadata.inject(InjectionMetadata.java:119)
	at org.springframework.beans.factory.annotation.AutowiredAnnotationBeanPostProcessor.postProcessProperties(AutowiredAnnotationBeanPostProcessor.java:408)
	at org.springframework.beans.factory.support.AbstractAutowireCapableBeanFactory.populateBean(AbstractAutowireCapableBeanFactory.java:1431)
	at org.springframework.beans.factory.support.AbstractAutowireCapableBeanFactory.doCreateBean(AbstractAutowireCapableBeanFactory.java:619)
	at org.springframework.beans.factory.support.AbstractAutowireCapableBeanFactory.createBean(AbstractAutowireCapableBeanFactory.java:542)
	at org.springframework.beans.factory.support.AbstractBeanFactory.lambda$doGetBean$0(AbstractBeanFactory.java:335)
	at org.springframework.beans.factory.support.DefaultSingletonBeanRegistry.getSingleton(DefaultSingletonBeanRegistry.java:234)
	at org.springframework.beans.factory.support.AbstractBeanFactory.doGetBean(AbstractBeanFactory.java:333)
	at org.springframework.beans.factory.support.AbstractBeanFactory.getBean(AbstractBeanFactory.java:208)
	at org.springframework.beans.factory.config.DependencyDescriptor.resolveCandidate(DependencyDescriptor.java:276)
	at org.springframework.beans.factory.support.DefaultListableBeanFactory.doResolveDependency(DefaultListableBeanFactory.java:1391)
	at org.springframework.beans.factory.support.DefaultListableBeanFactory.resolveDependency(DefaultListableBeanFactory.java:1311)
	at org.springframework.beans.factory.annotation.AutowiredAnnotationBeanPostProcessor$AutowiredFieldElement.resolveFieldValue(AutowiredAnnotationBeanPostProcessor.java:710)
	... 131 common frames omitted
Caused by: org.springframework.beans.factory.BeanCreationException: Error creating bean with name 'userRepository' defined in com.example.demo.repository.UserRepository defined in @EnableMongoRepositories declared on MongoRepositoriesRegistrar.EnableMongoRepositoriesConfiguration: Cannot resolve reference to bean 'mongoTemplate' while setting bean property 'mongoOperations'; nested exception is org.springframework.beans.factory.BeanCreationException: Error creating bean with name 'mongoTemplate' defined in class path resource [org/springframework/boot/autoconfigure/data/mongo/MongoDatabaseFactoryDependentConfiguration.class]: Bean instantiation via factory method failed; nested exception is org.springframework.beans.BeanInstantiationException: Failed to instantiate [org.springframework.data.mongodb.core.MongoTemplate]: Factory method 'mongoTemplate' threw exception; nested exception is org.springframework.dao.DataAccessResourceFailureException: Timed out after 30000 ms while waiting for a server that matches com.mongodb.client.internal.MongoClientDelegate$1@892af0e. Client view of cluster state is {type=REPLICA_SET, servers=[{address=ac-vellxrk-shard-00-01.aeg89es.mongodb.net:27017, type=UNKNOWN, state=CONNECTING, exception={com.mongodb.MongoSocketWriteException: Exception sending message}, caused by {javax.net.ssl.SSLException: Received fatal alert: internal_error}}, {address=ac-vellxrk-shard-00-02.aeg89es.mongodb.net:27017, type=UNKNOWN, state=CONNECTING, exception={com.mongodb.MongoSocketWriteException: Exception sending message}, caused by {javax.net.ssl.SSLException: Received fatal alert: internal_error}}, {address=ac-vellxrk-shard-00-00.aeg89es.mongodb.net:27017, type=UNKNOWN, state=CONNECTING, exception={com.mongodb.MongoSocketWriteException: Exception sending message}, caused by {javax.net.ssl.SSLException: Received fatal alert: internal_error}}]; nested exception is com.mongodb.MongoTimeoutException: Timed out after 30000 ms while waiting for a server that matches com.mongodb.client.internal.MongoClientDelegate$1@892af0e. Client view of cluster state is {type=REPLICA_SET, servers=[{address=ac-vellxrk-shard-00-01.aeg89es.mongodb.net:27017, type=UNKNOWN, state=CONNECTING, exception={com.mongodb.MongoSocketWriteException: Exception sending message}, caused by {javax.net.ssl.SSLException: Received fatal alert: internal_error}}, {address=ac-vellxrk-shard-00-02.aeg89es.mongodb.net:27017, type=UNKNOWN, state=CONNECTING, exception={com.mongodb.MongoSocketWriteException: Exception sending message}, caused by {javax.net.ssl.SSLException: Received fatal alert: internal_error}}, {address=ac-vellxrk-shard-00-00.aeg89es.mongodb.net:27017, type=UNKNOWN, state=CONNECTING, exception={com.mongodb.MongoSocketWriteException: Exception sending message}, caused by {javax.net.ssl.SSLException: Received fatal alert: internal_error}}]
	at org.springframework.beans.factory.support.BeanDefinitionValueResolver.resolveReference(BeanDefinitionValueResolver.java:342)
	at org.springframework.beans.factory.support.BeanDefinitionValueResolver.resolveValueIfNecessary(BeanDefinitionValueResolver.java:113)
	at org.springframework.beans.factory.support.AbstractAutowireCapableBeanFactory.applyPropertyValues(AbstractAutowireCapableBeanFactory.java:1707)
	at org.springframework.beans.factory.support.AbstractAutowireCapableBeanFactory.populateBean(AbstractAutowireCapableBeanFactory.java:1452)
	at org.springframework.beans.factory.support.AbstractAutowireCapableBeanFactory.doCreateBean(AbstractAutowireCapableBeanFactory.java:619)
	at org.springframework.beans.factory.support.AbstractAutowireCapableBeanFactory.createBean(AbstractAutowireCapableBeanFactory.java:542)
	at org.springframework.beans.factory.support.AbstractBeanFactory.lambda$doGetBean$0(AbstractBeanFactory.java:335)
	at org.springframework.beans.factory.support.DefaultSingletonBeanRegistry.getSingleton(DefaultSingletonBeanRegistry.java:234)
	at org.springframework.beans.factory.support.AbstractBeanFactory.doGetBean(AbstractBeanFactory.java:333)
	at org.springframework.beans.factory.support.AbstractBeanFactory.getBean(AbstractBeanFactory.java:208)
	at org.springframework.beans.factory.config.DependencyDescriptor.resolveCandidate(DependencyDescriptor.java:276)
	at org.springframework.beans.factory.support.DefaultListableBeanFactory.doResolveDependency(DefaultListableBeanFactory.java:1391)
	at org.springframework.beans.factory.support.DefaultListableBeanFactory.resolveDependency(DefaultListableBeanFactory.java:1311)
	at org.springframework.beans.factory.annotation.AutowiredAnnotationBeanPostProcessor$AutowiredFieldElement.resolveFieldValue(AutowiredAnnotationBeanPostProcessor.java:710)
	... 145 common frames omitted
Caused by: org.springframework.beans.factory.BeanCreationException: Error creating bean with name 'mongoTemplate' defined in class path resource [org/springframework/boot/autoconfigure/data/mongo/MongoDatabaseFactoryDependentConfiguration.class]: Bean instantiation via factory method failed; nested exception is org.springframework.beans.BeanInstantiationException: Failed to instantiate [org.springframework.data.mongodb.core.MongoTemplate]: Factory method 'mongoTemplate' threw exception; nested exception is org.springframework.dao.DataAccessResourceFailureException: Timed out after 30000 ms while waiting for a server that matches com.mongodb.client.internal.MongoClientDelegate$1@892af0e. Client view of cluster state is {type=REPLICA_SET, servers=[{address=ac-vellxrk-shard-00-01.aeg89es.mongodb.net:27017, type=UNKNOWN, state=CONNECTING, exception={com.mongodb.MongoSocketWriteException: Exception sending message}, caused by {javax.net.ssl.SSLException: Received fatal alert: internal_error}}, {address=ac-vellxrk-shard-00-02.aeg89es.mongodb.net:27017, type=UNKNOWN, state=CONNECTING, exception={com.mongodb.MongoSocketWriteException: Exception sending message}, caused by {javax.net.ssl.SSLException: Received fatal alert: internal_error}}, {address=ac-vellxrk-shard-00-00.aeg89es.mongodb.net:27017, type=UNKNOWN, state=CONNECTING, exception={com.mongodb.MongoSocketWriteException: Exception sending message}, caused by {javax.net.ssl.SSLException: Received fatal alert: internal_error}}]; nested exception is com.mongodb.MongoTimeoutException: Timed out after 30000 ms while waiting for a server that matches com.mongodb.client.internal.MongoClientDelegate$1@892af0e. Client view of cluster state is {type=REPLICA_SET, servers=[{address=ac-vellxrk-shard-00-01.aeg89es.mongodb.net:27017, type=UNKNOWN, state=CONNECTING, exception={com.mongodb.MongoSocketWriteException: Exception sending message}, caused by {javax.net.ssl.SSLException: Received fatal alert: internal_error}}, {address=ac-vellxrk-shard-00-02.aeg89es.mongodb.net:27017, type=UNKNOWN, state=CONNECTING, exception={com.mongodb.MongoSocketWriteException: Exception sending message}, caused by {javax.net.ssl.SSLException: Received fatal alert: internal_error}}, {address=ac-vellxrk-shard-00-00.aeg89es.mongodb.net:27017, type=UNKNOWN, state=CONNECTING, exception={com.mongodb.MongoSocketWriteException: Exception sending message}, caused by {javax.net.ssl.SSLException: Received fatal alert: internal_error}}]
	at org.springframework.beans.factory.support.ConstructorResolver.instantiate(ConstructorResolver.java:653)
	at org.springframework.beans.factory.support.ConstructorResolver.instantiateUsingFactoryMethod(ConstructorResolver.java:633)
	at org.springframework.beans.factory.support.AbstractAutowireCapableBeanFactory.instantiateUsingFactoryMethod(AbstractAutowireCapableBeanFactory.java:1352)
	at org.springframework.beans.factory.support.AbstractAutowireCapableBeanFactory.createBeanInstance(AbstractAutowireCapableBeanFactory.java:1195)
	at org.springframework.beans.factory.support.AbstractAutowireCapableBeanFactory.doCreateBean(AbstractAutowireCapableBeanFactory.java:582)
	at org.springframework.beans.factory.support.AbstractAutowireCapableBeanFactory.createBean(AbstractAutowireCapableBeanFactory.java:542)
	at org.springframework.beans.factory.support.AbstractBeanFactory.lambda$doGetBean$0(AbstractBeanFactory.java:335)
	at org.springframework.beans.factory.support.DefaultSingletonBeanRegistry.getSingleton(DefaultSingletonBeanRegistry.java:234)
	at org.springframework.beans.factory.support.AbstractBeanFactory.doGetBean(AbstractBeanFactory.java:333)
	at org.springframework.beans.factory.support.AbstractBeanFactory.getBean(AbstractBeanFactory.java:208)
	at org.springframework.beans.factory.support.BeanDefinitionValueResolver.resolveReference(BeanDefinitionValueResolver.java:330)
	... 158 common frames omitted
Caused by: org.springframework.beans.BeanInstantiationException: Failed to instantiate [org.springframework.data.mongodb.core.MongoTemplate]: Factory method 'mongoTemplate' threw exception; nested exception is org.springframework.dao.DataAccessResourceFailureException: Timed out after 30000 ms while waiting for a server that matches com.mongodb.client.internal.MongoClientDelegate$1@892af0e. Client view of cluster state is {type=REPLICA_SET, servers=[{address=ac-vellxrk-shard-00-01.aeg89es.mongodb.net:27017, type=UNKNOWN, state=CONNECTING, exception={com.mongodb.MongoSocketWriteException: Exception sending message}, caused by {javax.net.ssl.SSLException: Received fatal alert: internal_error}}, {address=ac-vellxrk-shard-00-02.aeg89es.mongodb.net:27017, type=UNKNOWN, state=CONNECTING, exception={com.mongodb.MongoSocketWriteException: Exception sending message}, caused by {javax.net.ssl.SSLException: Received fatal alert: internal_error}}, {address=ac-vellxrk-shard-00-00.aeg89es.mongodb.net:27017, type=UNKNOWN, state=CONNECTING, exception={com.mongodb.MongoSocketWriteException: Exception sending message}, caused by {javax.net.ssl.SSLException: Received fatal alert: internal_error}}]; nested exception is com.mongodb.MongoTimeoutException: Timed out after 30000 ms while waiting for a server that matches com.mongodb.client.internal.MongoClientDelegate$1@892af0e. Client view of cluster state is {type=REPLICA_SET, servers=[{address=ac-vellxrk-shard-00-01.aeg89es.mongodb.net:27017, type=UNKNOWN, state=CONNECTING, exception={com.mongodb.MongoSocketWriteException: Exception sending message}, caused by {javax.net.ssl.SSLException: Received fatal alert: internal_error}}, {address=ac-vellxrk-shard-00-02.aeg89es.mongodb.net:27017, type=UNKNOWN, state=CONNECTING, exception={com.mongodb.MongoSocketWriteException: Exception sending message}, caused by {javax.net.ssl.SSLException: Received fatal alert: internal_error}}, {address=ac-vellxrk-shard-00-00.aeg89es.mongodb.net:27017, type=UNKNOWN, state=CONNECTING, exception={com.mongodb.MongoSocketWriteException: Exception sending message}, caused by {javax.net.ssl.SSLException: Received fatal alert: internal_error}}]
	at org.springframework.beans.factory.support.SimpleInstantiationStrategy.instantiate(SimpleInstantiationStrategy.java:185)
	at org.springframework.beans.factory.support.ConstructorResolver.instantiate(ConstructorResolver.java:648)
	... 168 common frames omitted
Caused by: org.springframework.dao.DataAccessResourceFailureException: Timed out after 30000 ms while waiting for a server that matches com.mongodb.client.internal.MongoClientDelegate$1@892af0e. Client view of cluster state is {type=REPLICA_SET, servers=[{address=ac-vellxrk-shard-00-01.aeg89es.mongodb.net:27017, type=UNKNOWN, state=CONNECTING, exception={com.mongodb.MongoSocketWriteException: Exception sending message}, caused by {javax.net.ssl.SSLException: Received fatal alert: internal_error}}, {address=ac-vellxrk-shard-00-02.aeg89es.mongodb.net:27017, type=UNKNOWN, state=CONNECTING, exception={com.mongodb.MongoSocketWriteException: Exception sending message}, caused by {javax.net.ssl.SSLException: Received fatal alert: internal_error}}, {address=ac-vellxrk-shard-00-00.aeg89es.mongodb.net:27017, type=UNKNOWN, state=CONNECTING, exception={com.mongodb.MongoSocketWriteException: Exception sending message}, caused by {javax.net.ssl.SSLException: Received fatal alert: internal_error}}]; nested exception is com.mongodb.MongoTimeoutException: Timed out after 30000 ms while waiting for a server that matches com.mongodb.client.internal.MongoClientDelegate$1@892af0e. Client view of cluster state is {type=REPLICA_SET, servers=[{address=ac-vellxrk-shard-00-01.aeg89es.mongodb.net:27017, type=UNKNOWN, state=CONNECTING, exception={com.mongodb.MongoSocketWriteException: Exception sending message}, caused by {javax.net.ssl.SSLException: Received fatal alert: internal_error}}, {address=ac-vellxrk-shard-00-02.aeg89es.mongodb.net:27017, type=UNKNOWN, state=CONNECTING, exception={com.mongodb.MongoSocketWriteException: Exception sending message}, caused by {javax.net.ssl.SSLException: Received fatal alert: internal_error}}, {address=ac-vellxrk-shard-00-00.aeg89es.mongodb.net:27017, type=UNKNOWN, state=CONNECTING, exception={com.mongodb.MongoSocketWriteException: Exception sending message}, caused by {javax.net.ssl.SSLException: Received fatal alert: internal_error}}]
	at org.springframework.data.mongodb.core.MongoExceptionTranslator.translateExceptionIfPossible(MongoExceptionTranslator.java:95)
	at org.springframework.data.mongodb.core.MongoTemplate.potentiallyConvertRuntimeException(MongoTemplate.java:3029)
	at org.springframework.data.mongodb.core.MongoTemplate.execute(MongoTemplate.java:581)
	at org.springframework.data.mongodb.core.DefaultIndexOperations.execute(DefaultIndexOperations.java:215)
	at org.springframework.data.mongodb.core.DefaultIndexOperations.ensureIndex(DefaultIndexOperations.java:121)
	at org.springframework.data.mongodb.core.index.MongoPersistentEntityIndexCreator.createIndex(MongoPersistentEntityIndexCreator.java:157)
	at org.springframework.data.mongodb.core.index.MongoPersistentEntityIndexCreator.checkForAndCreateIndexes(MongoPersistentEntityIndexCreator.java:147)
	at org.springframework.data.mongodb.core.index.MongoPersistentEntityIndexCreator.checkForIndexes(MongoPersistentEntityIndexCreator.java:131)
	at org.springframework.data.mongodb.core.index.MongoPersistentEntityIndexCreator.<init>(MongoPersistentEntityIndexCreator.java:96)
	at org.springframework.data.mongodb.core.index.MongoPersistentEntityIndexCreator.<init>(MongoPersistentEntityIndexCreator.java:73)
	at org.springframework.data.mongodb.core.MongoTemplate.<init>(MongoTemplate.java:224)
	at org.springframework.boot.autoconfigure.data.mongo.MongoDatabaseFactoryDependentConfiguration.mongoTemplate(MongoDatabaseFactoryDependentConfiguration.java:63)
	at java.base/jdk.internal.reflect.NativeMethodAccessorImpl.invoke0(Native Method)
	at java.base/jdk.internal.reflect.NativeMethodAccessorImpl.invoke(NativeMethodAccessorImpl.java:62)
	at java.base/jdk.internal.reflect.DelegatingMethodAccessorImpl.invoke(DelegatingMethodAccessorImpl.java:43)
	at java.base/java.lang.reflect.Method.invoke(Method.java:566)
	at org.springframework.beans.factory.support.SimpleInstantiationStrategy.instantiate(SimpleInstantiationStrategy.java:154)
	... 169 common frames omitted
Caused by: com.mongodb.MongoTimeoutException: Timed out after 30000 ms while waiting for a server that matches com.mongodb.client.internal.MongoClientDelegate$1@892af0e. Client view of cluster state is {type=REPLICA_SET, servers=[{address=ac-vellxrk-shard-00-01.aeg89es.mongodb.net:27017, type=UNKNOWN, state=CONNECTING, exception={com.mongodb.MongoSocketWriteException: Exception sending message}, caused by {javax.net.ssl.SSLException: Received fatal alert: internal_error}}, {address=ac-vellxrk-shard-00-02.aeg89es.mongodb.net:27017, type=UNKNOWN, state=CONNECTING, exception={com.mongodb.MongoSocketWriteException: Exception sending message}, caused by {javax.net.ssl.SSLException: Received fatal alert: internal_error}}, {address=ac-vellxrk-shard-00-00.aeg89es.mongodb.net:27017, type=UNKNOWN, state=CONNECTING, exception={com.mongodb.MongoSocketWriteException: Exception sending message}, caused by {javax.net.ssl.SSLException: Received fatal alert: internal_error}}]
	at com.mongodb.internal.connection.BaseCluster.createTimeoutException(BaseCluster.java:424)
	at com.mongodb.internal.connection.BaseCluster.selectServer(BaseCluster.java:121)
	at com.mongodb.internal.connection.AbstractMultiServerCluster.selectServer(AbstractMultiServerCluster.java:50)
	at com.mongodb.client.internal.MongoClientDelegate.getConnectedClusterDescription(MongoClientDelegate.java:146)
	at com.mongodb.client.internal.MongoClientDelegate.createClientSession(MongoClientDelegate.java:101)
	at com.mongodb.client.internal.MongoClientDelegate$DelegateOperationExecutor.getClientSession(MongoClientDelegate.java:291)
	at com.mongodb.client.internal.MongoClientDelegate$DelegateOperationExecutor.execute(MongoClientDelegate.java:207)
	at com.mongodb.client.internal.MongoCollectionImpl.executeCreateIndexes(MongoCollectionImpl.java:848)
	at com.mongodb.client.internal.MongoCollectionImpl.createIndexes(MongoCollectionImpl.java:831)
	at com.mongodb.client.internal.MongoCollectionImpl.createIndexes(MongoCollectionImpl.java:826)
	at com.mongodb.client.internal.MongoCollectionImpl.createIndex(MongoCollectionImpl.java:811)
	at org.springframework.data.mongodb.core.DefaultIndexOperations.lambda$ensureIndex$0(DefaultIndexOperations.java:131)
	at org.springframework.data.mongodb.core.MongoTemplate.execute(MongoTemplate.java:579)
	... 183 common frames omitted
21:13:47.619 [main] INFO  c.e.demo.service.UserServiceTests - Starting UserServiceTests using Java 11.0.20 on NIMBUS with PID 17016 (started by Nida in D:\MY_STUDY\springtut\demoooo\demo)
21:13:47.620 [main] DEBUG c.e.demo.service.UserServiceTests - Running with Spring Boot v2.7.16, Spring v5.3.30
21:13:47.621 [main] INFO  c.e.demo.service.UserServiceTests - No active profile set, falling back to 1 default profile: "default"
21:13:47.953 [main] INFO  o.s.d.r.c.RepositoryConfigurationDelegate - Bootstrapping Spring Data MongoDB repositories in DEFAULT mode.
21:13:47.974 [main] INFO  o.s.d.r.c.RepositoryConfigurationDelegate - Finished Spring Data repository scanning in 21 ms. Found 2 MongoDB repository interfaces.
21:13:48.334 [main] INFO  org.mongodb.driver.client - MongoClient with metadata {"driver": {"name": "mongo-java-driver|sync|spring-boot", "version": "4.6.1"}, "os": {"type": "Windows", "name": "Windows 11", "architecture": "amd64", "version": "10.0"}, "platform": "Java/Oracle Corporation/11.0.20+9-LTS-256", "application": {"name": "Cluster0"}} created with settings MongoClientSettings{readPreference=primary, writeConcern=WriteConcern{w=majority, wTimeout=null ms, journal=null}, retryWrites=true, retryReads=true, readConcern=ReadConcern{level=null}, credential=MongoCredential{mechanism=null, userName='rnidaanjum71', source='admin', password=<hidden>, mechanismProperties=<hidden>}, streamFactoryFactory=null, commandListeners=[], codecRegistry=ProvidersCodecRegistry{codecProviders=[ValueCodecProvider{}, BsonValueCodecProvider{}, DBRefCodecProvider{}, DBObjectCodecProvider{}, DocumentCodecProvider{}, IterableCodecProvider{}, MapCodecProvider{}, GeoJsonCodecProvider{}, GridFSFileCodecProvider{}, Jsr310CodecProvider{}, JsonObjectCodecProvider{}, BsonCodecProvider{}, EnumCodecProvider{}, com.mongodb.Jep395RecordCodecProvider@4bb1b96b]}, clusterSettings={hosts=[127.0.0.1:27017], srvHost=cluster0.aeg89es.mongodb.net, srvServiceName=mongodb, mode=MULTIPLE, requiredClusterType=REPLICA_SET, requiredReplicaSetName='atlas-n4jla1-shard-0', serverSelector='null', clusterListeners='[]', serverSelectionTimeout='30000 ms', localThreshold='30000 ms'}, socketSettings=SocketSettings{connectTimeoutMS=10000, readTimeoutMS=0, receiveBufferSize=0, sendBufferSize=0}, heartbeatSocketSettings=SocketSettings{connectTimeoutMS=10000, readTimeoutMS=10000, receiveBufferSize=0, sendBufferSize=0}, connectionPoolSettings=ConnectionPoolSettings{maxSize=100, minSize=0, maxWaitTimeMS=120000, maxConnectionLifeTimeMS=0, maxConnectionIdleTimeMS=0, maintenanceInitialDelayMS=0, maintenanceFrequencyMS=60000, connectionPoolListeners=[], maxConnecting=2}, serverSettings=ServerSettings{heartbeatFrequencyMS=10000, minHeartbeatFrequencyMS=500, serverListeners='[]', serverMonitorListeners='[]'}, sslSettings=SslSettings{enabled=true, invalidHostNameAllowed=false, context=null}, applicationName='Cluster0', compressorList=[], uuidRepresentation=JAVA_LEGACY, serverApi=null, autoEncryptionSettings=null, contextProvider=null}
21:13:48.411 [cluster-ClusterId{value='681396b404173b666fd09a47', description='null'}-srv-cluster0.aeg89es.mongodb.net] INFO  org.mongodb.driver.cluster - Adding discovered server ac-vellxrk-shard-00-00.aeg89es.mongodb.net:27017 to client view of cluster
21:13:48.417 [cluster-ClusterId{value='681396b404173b666fd09a47', description='null'}-srv-cluster0.aeg89es.mongodb.net] INFO  org.mongodb.driver.cluster - Adding discovered server ac-vellxrk-shard-00-01.aeg89es.mongodb.net:27017 to client view of cluster
21:13:48.418 [cluster-ClusterId{value='681396b404173b666fd09a47', description='null'}-srv-cluster0.aeg89es.mongodb.net] INFO  org.mongodb.driver.cluster - Adding discovered server ac-vellxrk-shard-00-02.aeg89es.mongodb.net:27017 to client view of cluster
21:13:48.418 [main] INFO  org.mongodb.driver.cluster - Cluster description not yet available. Waiting for 30000 ms before timing out
21:13:48.420 [main] INFO  org.mongodb.driver.cluster - No server chosen by com.mongodb.client.internal.MongoClientDelegate$1@31f31b20 from cluster description ClusterDescription{type=REPLICA_SET, connectionMode=MULTIPLE, serverDescriptions=[ServerDescription{address=ac-vellxrk-shard-00-01.aeg89es.mongodb.net:27017, type=UNKNOWN, state=CONNECTING}, ServerDescription{address=ac-vellxrk-shard-00-02.aeg89es.mongodb.net:27017, type=UNKNOWN, state=CONNECTING}, ServerDescription{address=ac-vellxrk-shard-00-00.aeg89es.mongodb.net:27017, type=UNKNOWN, state=CONNECTING}]}. Waiting for 30000 ms before timing out
21:13:48.645 [cluster-ClusterId{value='681396b404173b666fd09a47', description='null'}-ac-vellxrk-shard-00-01.aeg89es.mongodb.net:27017] INFO  org.mongodb.driver.cluster - Exception in monitor thread while connecting to server ac-vellxrk-shard-00-01.aeg89es.mongodb.net:27017
com.mongodb.MongoSocketWriteException: Exception sending message
	at com.mongodb.internal.connection.InternalStreamConnection.translateWriteException(InternalStreamConnection.java:684)
	at com.mongodb.internal.connection.InternalStreamConnection.sendMessage(InternalStreamConnection.java:555)
	at com.mongodb.internal.connection.InternalStreamConnection.sendCommandMessage(InternalStreamConnection.java:381)
	at com.mongodb.internal.connection.InternalStreamConnection.sendAndReceive(InternalStreamConnection.java:329)
	at com.mongodb.internal.connection.CommandHelper.sendAndReceive(CommandHelper.java:101)
	at com.mongodb.internal.connection.CommandHelper.executeCommand(CommandHelper.java:45)
	at com.mongodb.internal.connection.InternalStreamConnectionInitializer.initializeConnectionDescription(InternalStreamConnectionInitializer.java:131)
	at com.mongodb.internal.connection.InternalStreamConnectionInitializer.startHandshake(InternalStreamConnectionInitializer.java:73)
	at com.mongodb.internal.connection.InternalStreamConnection.open(InternalStreamConnection.java:182)
	at com.mongodb.internal.connection.DefaultServerMonitor$ServerMonitorRunnable.lookupServerDescription(DefaultServerMonitor.java:193)
	at com.mongodb.internal.connection.DefaultServerMonitor$ServerMonitorRunnable.run(DefaultServerMonitor.java:157)
	at java.base/java.lang.Thread.run(Thread.java:834)
Caused by: javax.net.ssl.SSLException: Received fatal alert: internal_error
	at java.base/sun.security.ssl.Alert.createSSLException(Alert.java:133)
	at java.base/sun.security.ssl.Alert.createSSLException(Alert.java:117)
	at java.base/sun.security.ssl.TransportContext.fatal(TransportContext.java:363)
	at java.base/sun.security.ssl.Alert$AlertConsumer.consume(Alert.java:293)
	at java.base/sun.security.ssl.TransportContext.dispatch(TransportContext.java:202)
	at java.base/sun.security.ssl.SSLTransport.decode(SSLTransport.java:172)
	at java.base/sun.security.ssl.SSLSocketImpl.decode(SSLSocketImpl.java:1383)
	at java.base/sun.security.ssl.SSLSocketImpl.readHandshakeRecord(SSLSocketImpl.java:1296)
	at java.base/sun.security.ssl.SSLSocketImpl.startHandshake(SSLSocketImpl.java:416)
	at java.base/sun.security.ssl.SSLSocketImpl.ensureNegotiated(SSLSocketImpl.java:835)
	at java.base/sun.security.ssl.SSLSocketImpl$AppOutputStream.write(SSLSocketImpl.java:1201)
	at com.mongodb.internal.connection.SocketStream.write(SocketStream.java:99)
	at com.mongodb.internal.connection.InternalStreamConnection.sendMessage(InternalStreamConnection.java:552)
	... 10 common frames omitted
21:13:48.646 [cluster-ClusterId{value='681396b404173b666fd09a47', description='null'}-ac-vellxrk-shard-00-00.aeg89es.mongodb.net:27017] INFO  org.mongodb.driver.cluster - Exception in monitor thread while connecting to server ac-vellxrk-shard-00-00.aeg89es.mongodb.net:27017
com.mongodb.MongoSocketWriteException: Exception sending message
	at com.mongodb.internal.connection.InternalStreamConnection.translateWriteException(InternalStreamConnection.java:684)
	at com.mongodb.internal.connection.InternalStreamConnection.sendMessage(InternalStreamConnection.java:555)
	at com.mongodb.internal.connection.InternalStreamConnection.sendCommandMessage(InternalStreamConnection.java:381)
	at com.mongodb.internal.connection.InternalStreamConnection.sendAndReceive(InternalStreamConnection.java:329)
	at com.mongodb.internal.connection.CommandHelper.sendAndReceive(CommandHelper.java:101)
	at com.mongodb.internal.connection.CommandHelper.executeCommand(CommandHelper.java:45)
	at com.mongodb.internal.connection.InternalStreamConnectionInitializer.initializeConnectionDescription(InternalStreamConnectionInitializer.java:131)
	at com.mongodb.internal.connection.InternalStreamConnectionInitializer.startHandshake(InternalStreamConnectionInitializer.java:73)
	at com.mongodb.internal.connection.InternalStreamConnection.open(InternalStreamConnection.java:182)
	at com.mongodb.internal.connection.DefaultServerMonitor$ServerMonitorRunnable.lookupServerDescription(DefaultServerMonitor.java:193)
	at com.mongodb.internal.connection.DefaultServerMonitor$ServerMonitorRunnable.run(DefaultServerMonitor.java:157)
	at java.base/java.lang.Thread.run(Thread.java:834)
Caused by: javax.net.ssl.SSLException: Received fatal alert: internal_error
	at java.base/sun.security.ssl.Alert.createSSLException(Alert.java:133)
	at java.base/sun.security.ssl.Alert.createSSLException(Alert.java:117)
	at java.base/sun.security.ssl.TransportContext.fatal(TransportContext.java:363)
	at java.base/sun.security.ssl.Alert$AlertConsumer.consume(Alert.java:293)
	at java.base/sun.security.ssl.TransportContext.dispatch(TransportContext.java:202)
	at java.base/sun.security.ssl.SSLTransport.decode(SSLTransport.java:172)
	at java.base/sun.security.ssl.SSLSocketImpl.decode(SSLSocketImpl.java:1383)
	at java.base/sun.security.ssl.SSLSocketImpl.readHandshakeRecord(SSLSocketImpl.java:1296)
	at java.base/sun.security.ssl.SSLSocketImpl.startHandshake(SSLSocketImpl.java:416)
	at java.base/sun.security.ssl.SSLSocketImpl.ensureNegotiated(SSLSocketImpl.java:835)
	at java.base/sun.security.ssl.SSLSocketImpl$AppOutputStream.write(SSLSocketImpl.java:1201)
	at com.mongodb.internal.connection.SocketStream.write(SocketStream.java:99)
	at com.mongodb.internal.connection.InternalStreamConnection.sendMessage(InternalStreamConnection.java:552)
	... 10 common frames omitted
21:13:48.646 [cluster-ClusterId{value='681396b404173b666fd09a47', description='null'}-ac-vellxrk-shard-00-02.aeg89es.mongodb.net:27017] INFO  org.mongodb.driver.cluster - Exception in monitor thread while connecting to server ac-vellxrk-shard-00-02.aeg89es.mongodb.net:27017
com.mongodb.MongoSocketWriteException: Exception sending message
	at com.mongodb.internal.connection.InternalStreamConnection.translateWriteException(InternalStreamConnection.java:684)
	at com.mongodb.internal.connection.InternalStreamConnection.sendMessage(InternalStreamConnection.java:555)
	at com.mongodb.internal.connection.InternalStreamConnection.sendCommandMessage(InternalStreamConnection.java:381)
	at com.mongodb.internal.connection.InternalStreamConnection.sendAndReceive(InternalStreamConnection.java:329)
	at com.mongodb.internal.connection.CommandHelper.sendAndReceive(CommandHelper.java:101)
	at com.mongodb.internal.connection.CommandHelper.executeCommand(CommandHelper.java:45)
	at com.mongodb.internal.connection.InternalStreamConnectionInitializer.initializeConnectionDescription(InternalStreamConnectionInitializer.java:131)
	at com.mongodb.internal.connection.InternalStreamConnectionInitializer.startHandshake(InternalStreamConnectionInitializer.java:73)
	at com.mongodb.internal.connection.InternalStreamConnection.open(InternalStreamConnection.java:182)
	at com.mongodb.internal.connection.DefaultServerMonitor$ServerMonitorRunnable.lookupServerDescription(DefaultServerMonitor.java:193)
	at com.mongodb.internal.connection.DefaultServerMonitor$ServerMonitorRunnable.run(DefaultServerMonitor.java:157)
	at java.base/java.lang.Thread.run(Thread.java:834)
Caused by: javax.net.ssl.SSLException: Received fatal alert: internal_error
	at java.base/sun.security.ssl.Alert.createSSLException(Alert.java:133)
	at java.base/sun.security.ssl.Alert.createSSLException(Alert.java:117)
	at java.base/sun.security.ssl.TransportContext.fatal(TransportContext.java:363)
	at java.base/sun.security.ssl.Alert$AlertConsumer.consume(Alert.java:293)
	at java.base/sun.security.ssl.TransportContext.dispatch(TransportContext.java:202)
	at java.base/sun.security.ssl.SSLTransport.decode(SSLTransport.java:172)
	at java.base/sun.security.ssl.SSLSocketImpl.decode(SSLSocketImpl.java:1383)
	at java.base/sun.security.ssl.SSLSocketImpl.readHandshakeRecord(SSLSocketImpl.java:1296)
	at java.base/sun.security.ssl.SSLSocketImpl.startHandshake(SSLSocketImpl.java:416)
	at java.base/sun.security.ssl.SSLSocketImpl.ensureNegotiated(SSLSocketImpl.java:835)
	at java.base/sun.security.ssl.SSLSocketImpl$AppOutputStream.write(SSLSocketImpl.java:1201)
	at com.mongodb.internal.connection.SocketStream.write(SocketStream.java:99)
	at com.mongodb.internal.connection.InternalStreamConnection.sendMessage(InternalStreamConnection.java:552)
	... 10 common frames omitted
